task_id	hash	native_id	name	status	exit	submit	duration	realtime	%cpu	peak_rss	peak_vmem	rchar	wchar
1	15/8d3c14	37182	PGS_CALCULATION:FILTER_BY_CATEGORY	COMPLETED	0	2026-09-18 10:05:03.510	1.2s	441ms	230.1%	37.8 MB	33 GB	6.7 MB	567 B
3	77/ab7466	37196	INPUT_VALIDATION:INPUT_VALIDATION_VCF	COMPLETED	0	2026-09-18 10:05:03.520	1m 38s	1m 37s	108.1%	586.1 MB	6.9 GB	2.3 GB	2.1 MB
2	54/950421	37174	ANCESTRY_ESTIMATION:PREPARE_TRACE	COMPLETED	0	2026-09-18 10:05:03.498	4m 7s	4m 6s	103.3%	1.1 GB	12.2 GB	1.2 GB	307 MB
18	d9/2cad1f	48350	ANCESTRY_ESTIMATION:EXECUTE_TRACE (14)	FAILED	137	2026-09-18 10:09:10.114	2m 1s	2m 1s	-	-	-	-	-
20	b2/6c957e	48375	ANCESTRY_ESTIMATION:EXECUTE_TRACE (16)	FAILED	137	2026-09-18 10:09:10.125	2m 1s	2m 1s	-	-	-	-	-
15	01/aa5e26	48361	ANCESTRY_ESTIMATION:EXECUTE_TRACE (11)	FAILED	137	2026-09-18 10:09:10.120	2m 1s	2m 1s	-	-	-	-	-
38	6a/aaa72b	48343	ANCESTRY_ESTIMATION:EXECUTE_TRACE (34)	FAILED	137	2026-09-18 10:09:10.106	2m 1s	2m 1s	-	-	-	-	-
21	62/d6f6fb	58480	ANCESTRY_ESTIMATION:EXECUTE_TRACE (17)	FAILED	137	2026-09-18 10:11:10.979	2m	2m	-	-	-	-	-
50	d7/bb72aa	58648	ANCESTRY_ESTIMATION:EXECUTE_TRACE (46)	FAILED	137	2026-09-18 10:11:11.176	2m	2m	-	-	-	-	-
23	64/ae80d4	58720	ANCESTRY_ESTIMATION:EXECUTE_TRACE (19)	FAILED	137	2026-09-18 10:11:11.212	2m 1s	2m	-	-	-	-	-
12	e2/f537e5	59284	ANCESTRY_ESTIMATION:EXECUTE_TRACE (8)	FAILED	137	2026-09-18 10:11:11.373	2m 1s	2m 1s	-	-	-	-	-
29	d8/068d5a	68732	ANCESTRY_ESTIMATION:EXECUTE_TRACE (25)	FAILED	137	2026-09-18 10:13:11.186	2m 1s	2m	-	-	-	-	-
39	80/ce5d67	68922	ANCESTRY_ESTIMATION:EXECUTE_TRACE (35)	FAILED	137	2026-09-18 10:13:11.503	2m 1s	2m 1s	-	-	-	-	-
5	3a/1c5278	70046	ANCESTRY_ESTIMATION:EXECUTE_TRACE (1)	FAILED	137	2026-09-18 10:13:12.087	2m	2m	-	-	-	-	-
6	c3/046c3c	69479	ANCESTRY_ESTIMATION:EXECUTE_TRACE (2)	FAILED	137	2026-09-18 10:13:11.772	2m 1s	2m 1s	-	-	-	-	-
24	9f/2845d3	79002	ANCESTRY_ESTIMATION:EXECUTE_TRACE (20)	FAILED	137	2026-09-18 10:15:11.696	2m 1s	2m 1s	-	-	-	-	-
13	f9/59e630	80495	ANCESTRY_ESTIMATION:EXECUTE_TRACE (9)	FAILED	137	2026-09-18 10:15:12.852	2m	2m	-	-	-	-	-
19	ac/87cc12	79792	ANCESTRY_ESTIMATION:EXECUTE_TRACE (15)	FAILED	137	2026-09-18 10:15:12.502	2m 1s	2m 1s	-	-	-	-	-
33	2c/a6af21	79572	ANCESTRY_ESTIMATION:EXECUTE_TRACE (29)	FAILED	137	2026-09-18 10:15:12.262	2m 1s	2m 1s	-	-	-	-	-
8	e6/4f7d92	88671	ANCESTRY_ESTIMATION:EXECUTE_TRACE (4)	FAILED	137	2026-09-18 10:17:12.309	2m 1s	2m 1s	-	-	-	-	-
34	de/ed8127	89403	ANCESTRY_ESTIMATION:EXECUTE_TRACE (30)	FAILED	137	2026-09-18 10:17:13.182	2m	2m	-	-	-	-	-
32	ff/573589	89391	ANCESTRY_ESTIMATION:EXECUTE_TRACE (28)	FAILED	137	2026-09-18 10:17:13.171	2m	2m	-	-	-	-	-
45	c0/25a856	89525	ANCESTRY_ESTIMATION:EXECUTE_TRACE (41)	FAILED	137	2026-09-18 10:17:13.347	2m	2m	-	-	-	-	-
42	bb/901137	97804	ANCESTRY_ESTIMATION:EXECUTE_TRACE (38)	FAILED	137	2026-09-18 10:19:12.988	2m 1s	2m 1s	-	-	-	-	-
31	b2/a69483	98724	ANCESTRY_ESTIMATION:EXECUTE_TRACE (27)	FAILED	137	2026-09-18 10:19:13.737	2m	2m	-	-	-	-	-
25	f6/0c081c	98290	ANCESTRY_ESTIMATION:EXECUTE_TRACE (21)	FAILED	137	2026-09-18 10:19:13.472	2m 1s	2m 1s	-	-	-	-	-
47	8a/b3c724	98240	ANCESTRY_ESTIMATION:EXECUTE_TRACE (43)	FAILED	137	2026-09-18 10:19:13.463	2m 1s	2m 1s	-	-	-	-	-
28	33/1b3fe3	106927	ANCESTRY_ESTIMATION:EXECUTE_TRACE (24)	FAILED	137	2026-09-18 10:21:13.781	2m 1s	2m 1s	-	-	-	-	-
11	7b/1f72c6	107090	ANCESTRY_ESTIMATION:EXECUTE_TRACE (7)	FAILED	137	2026-09-18 10:21:14.044	2m	2m	-	-	-	-	-
44	01/5f541c	108103	ANCESTRY_ESTIMATION:EXECUTE_TRACE (40)	FAILED	137	2026-09-18 10:21:14.423	2m	2m	-	-	-	-	-
46	52/486eb5	107692	ANCESTRY_ESTIMATION:EXECUTE_TRACE (42)	FAILED	137	2026-09-18 10:21:14.306	2m 1s	2m 1s	-	-	-	-	-
4	52/77f5d6	42679	QUALITY_CONTROL:QUALITY_CONTROL_VCF	COMPLETED	0	2026-09-18 10:06:41.632	17m 20s	17m 20s	101.9%	678.1 MB	7 GB	5.3 GB	1.7 GB
26	2b/ca6b48	116166	ANCESTRY_ESTIMATION:EXECUTE_TRACE (22)	FAILED	137	2026-09-18 10:23:14.547	2m 1s	2m 1s	-	-	-	-	-
7	9f/aca884	116137	ANCESTRY_ESTIMATION:EXECUTE_TRACE (3)	FAILED	137	2026-09-18 10:23:14.520	2m 1s	2m 1s	-	-	-	-	-
9	6c/dc00fa	116281	ANCESTRY_ESTIMATION:EXECUTE_TRACE (5)	FAILED	137	2026-09-18 10:23:14.673	2m 1s	2m 1s	-	-	-	-	-
16	03/4b42e5	117700	ANCESTRY_ESTIMATION:EXECUTE_TRACE (12)	FAILED	137	2026-09-18 10:23:15.498	2m	2m	-	-	-	-	-
37	98/4ac587	131844	ANCESTRY_ESTIMATION:EXECUTE_TRACE (33)	FAILED	137	2026-09-18 10:25:15.185	2m	2m	-	-	-	-	-
14	f9/a13b55	131968	ANCESTRY_ESTIMATION:EXECUTE_TRACE (10)	FAILED	137	2026-09-18 10:25:15.355	2m 1s	2m	-	-	-	-	-
43	20/e80f99	133024	ANCESTRY_ESTIMATION:EXECUTE_TRACE (39)	FAILED	137	2026-09-18 10:25:15.794	2m	2m	-	-	-	-	-
30	6a/d133b5	132107	ANCESTRY_ESTIMATION:EXECUTE_TRACE (26)	FAILED	137	2026-09-18 10:25:15.485	2m 1s	2m	-	-	-	-	-
51	79/d74f72	145695	ANCESTRY_ESTIMATION:EXECUTE_TRACE (47)	FAILED	137	2026-09-18 10:27:15.224	2m 1s	2m 1s	-	-	-	-	-
49	15/b976d3	146386	ANCESTRY_ESTIMATION:EXECUTE_TRACE (45)	FAILED	137	2026-09-18 10:27:15.915	2m 1s	2m 1s	-	-	-	-	-
10	a4/bfe00f	146498	ANCESTRY_ESTIMATION:EXECUTE_TRACE (6)	FAILED	137	2026-09-18 10:27:16.050	2m 1s	2m 1s	-	-	-	-	-
36	a0/67ad88	146515	ANCESTRY_ESTIMATION:EXECUTE_TRACE (32)	FAILED	137	2026-09-18 10:27:16.079	2m 1s	2m 1s	-	-	-	-	-
40	94/f5af4b	159779	ANCESTRY_ESTIMATION:EXECUTE_TRACE (36)	FAILED	137	2026-09-18 10:29:15.848	2m 1s	2m 1s	-	-	-	-	-
17	ed/5fff61	160434	ANCESTRY_ESTIMATION:EXECUTE_TRACE (13)	FAILED	137	2026-09-18 10:29:16.693	2m 1s	2m 1s	-	-	-	-	-
41	96/7c655c	160536	ANCESTRY_ESTIMATION:EXECUTE_TRACE (37)	FAILED	137	2026-09-18 10:29:16.806	2m 1s	2m 1s	-	-	-	-	-
22	76/327edf	160508	ANCESTRY_ESTIMATION:EXECUTE_TRACE (18)	FAILED	137	2026-09-18 10:29:16.784	2m 1s	2m 1s	-	-	-	-	-
48	c2/10f18a	173851	ANCESTRY_ESTIMATION:EXECUTE_TRACE (44)	FAILED	137	2026-09-18 10:31:17.032	2m	2m	-	-	-	-	-
27	e7/1af2ef	174531	ANCESTRY_ESTIMATION:EXECUTE_TRACE (23)	FAILED	137	2026-09-18 10:31:17.889	2m 1s	2m	-	-	-	-	-
35	ee/495e2d	174620	ANCESTRY_ESTIMATION:EXECUTE_TRACE (31)	FAILED	137	2026-09-18 10:31:17.998	2m 1s	2m	-	-	-	-	-
52	75/97aca4	174740	ANCESTRY_ESTIMATION:EXECUTE_TRACE (14)	COMPLETED	0	2026-09-18 10:31:18.132	5m 26s	5m 25s	101.0%	6.9 GB	6.9 GB	10.4 GB	55.3 MB
55	f6/10496f	188666	ANCESTRY_ESTIMATION:EXECUTE_TRACE (34)	COMPLETED	0	2026-09-18 10:33:18.569	5m 24s	5m 23s	101.0%	6.9 GB	7 GB	10.4 GB	55.3 MB
53	8e/cd17af	187928	ANCESTRY_ESTIMATION:EXECUTE_TRACE (16)	COMPLETED	0	2026-09-18 10:33:17.175	5m 26s	5m 25s	101.0%	6.9 GB	7 GB	10.4 GB	55.3 MB
54	21/410cc0	188590	ANCESTRY_ESTIMATION:EXECUTE_TRACE (11)	COMPLETED	0	2026-09-18 10:33:18.442	5m 25s	5m 25s	100.9%	6.9 GB	7 GB	10.4 GB	55.3 MB
99	f6/4d597a	122016	PHASING:EAGLE (chunk_1_0100000001_0120000000.vcf.gz)	COMPLETED	0	2026-09-18 10:24:03.136	15m 57s	15m 56s	395.2%	590.5 MB	810.6 MB	158.9 MB	19.3 MB
116	06/961301	122031	PHASING:EAGLE (chunk_13_0040000001_0060000000.vcf.gz)	COMPLETED	0	2026-09-18 10:24:03.141	17m 55s	17m 54s	395.5%	645.7 MB	837.5 MB	175.6 MB	21.9 MB
56	7b/c3672f	201661	ANCESTRY_ESTIMATION:EXECUTE_TRACE (17)	COMPLETED	0	2026-09-18 10:36:44.215	5m 25s	5m 25s	101.0%	6.9 GB	7 GB	10.4 GB	55.3 MB
104	4d/41679a	122012	PHASING:EAGLE (chunk_1_0200000001_0220000000.vcf.gz)	COMPLETED	0	2026-09-18 10:24:03.130	19m 44s	19m 43s	395.6%	670.6 MB	915.3 MB	177.8 MB	23.8 MB
57	ef/4eba69	208758	ANCESTRY_ESTIMATION:EXECUTE_TRACE (46)	COMPLETED	0	2026-09-18 10:38:42.539	5m 25s	5m 24s	101.0%	6.9 GB	7 GB	10.4 GB	55.3 MB
58	24/91ee6d	209401	ANCESTRY_ESTIMATION:EXECUTE_TRACE (19)	COMPLETED	0	2026-09-18 10:38:43.105	5m 25s	5m 25s	100.9%	6.9 GB	7 GB	10.4 GB	55.3 MB
59	2c/070d1d	209971	ANCESTRY_ESTIMATION:EXECUTE_TRACE (8)	COMPLETED	0	2026-09-18 10:38:43.889	5m 25s	5m 25s	101.0%	6.9 GB	7 GB	10.4 GB	55.3 MB
112	61/b68c5f	122006	PHASING:EAGLE (chunk_12_0100000001_0120000000.vcf.gz)	COMPLETED	0	2026-09-18 10:24:03.122	20m 54s	20m 53s	395.3%	686.8 MB	1001.2 MB	181.2 MB	25.1 MB
60	c4/0cc9e8	225461	ANCESTRY_ESTIMATION:EXECUTE_TRACE (25)	COMPLETED	0	2026-09-18 10:42:09.533	5m 25s	5m 25s	101.0%	6.9 GB	7 GB	10.4 GB	55.3 MB
61	b7/7639df	235826	ANCESTRY_ESTIMATION:EXECUTE_TRACE (35)	COMPLETED	0	2026-09-18 10:44:07.379	5m 25s	5m 25s	101.0%	6.9 GB	7 GB	10.4 GB	55.3 MB
62	42/950861	236577	ANCESTRY_ESTIMATION:EXECUTE_TRACE (1)	COMPLETED	0	2026-09-18 10:44:08.467	5m 26s	5m 25s	101.0%	6.9 GB	7 GB	10.4 GB	55.3 MB
63	2e/9068ef	237254	ANCESTRY_ESTIMATION:EXECUTE_TRACE (2)	COMPLETED	0	2026-09-18 10:44:09.284	5m 25s	5m 25s	101.0%	6.9 GB	7 GB	10.4 GB	55.3 MB
64	8e/62d175	257187	ANCESTRY_ESTIMATION:EXECUTE_TRACE (20)	COMPLETED	0	2026-09-18 10:47:35.016	5m 26s	5m 26s	101.0%	6.9 GB	6.9 GB	10.4 GB	55.3 MB
65	a7/9734a4	268457	ANCESTRY_ESTIMATION:EXECUTE_TRACE (9)	COMPLETED	0	2026-09-18 10:49:32.571	5m 25s	5m 25s	101.0%	6.9 GB	7 GB	10.4 GB	55.3 MB
67	f3/9343ed	269450	ANCESTRY_ESTIMATION:EXECUTE_TRACE (29)	COMPLETED	0	2026-09-18 10:49:34.645	5m 25s	5m 24s	101.0%	6.9 GB	7 GB	10.4 GB	55.3 MB
66	70/ff848e	269381	ANCESTRY_ESTIMATION:EXECUTE_TRACE (15)	COMPLETED	0	2026-09-18 10:49:34.584	5m 26s	5m 25s	100.9%	6.9 GB	6.9 GB	10.4 GB	55.3 MB
68	3e/b72aca	286649	ANCESTRY_ESTIMATION:EXECUTE_TRACE (4)	COMPLETED	0	2026-09-18 10:53:01.257	5m 24s	5m 23s	101.0%	6.9 GB	7 GB	10.4 GB	55.3 MB
81	1c/5726ba	223548	PHASING:EAGLE (chunk_10_0020000001_0040000000.vcf.gz)	COMPLETED	0	2026-09-18 10:41:58.139	17m 49s	17m 48s	395.4%	619.7 MB	830.9 MB	179.1 MB	21.6 MB
69	00/ccd6de	294436	ANCESTRY_ESTIMATION:EXECUTE_TRACE (30)	COMPLETED	0	2026-09-18 10:54:57.847	5m 25s	5m 24s	100.9%	6.9 GB	7 GB	10.4 GB	55.3 MB
70	c3/d8c4e1	295361	ANCESTRY_ESTIMATION:EXECUTE_TRACE (28)	COMPLETED	0	2026-09-18 10:54:59.986	5m 25s	5m 24s	101.0%	6.9 GB	7 GB	10.4 GB	55.3 MB
71	3d/5c8d39	295827	ANCESTRY_ESTIMATION:EXECUTE_TRACE (41)	COMPLETED	0	2026-09-18 10:55:00.396	5m 26s	5m 25s	101.0%	6.9 GB	7 GB	10.4 GB	55.3 MB
122	44/3014f3	215476	PHASING:EAGLE (chunk_14_0060000001_0080000000.vcf.gz)	COMPLETED	0	2026-09-18 10:40:00.225	20m 39s	20m 39s	395.8%	747.3 MB	1.1 GB	181.2 MB	25.1 MB
121	6d/8bf0c5	233138	PHASING:EAGLE (chunk_14_0040000001_0060000000.vcf.gz)	COMPLETED	0	2026-09-18 10:43:46.815	19m 50s	19m 49s	395.9%	724.2 MB	1000.2 MB	183.7 MB	23.6 MB
72	12/feacda	307819	ANCESTRY_ESTIMATION:EXECUTE_TRACE (38)	COMPLETED	0	2026-09-18 10:58:25.339	5m 26s	5m 26s	101.0%	6.9 GB	7 GB	10.4 GB	55.3 MB
83	12/622778	242548	PHASING:EAGLE (chunk_10_0060000001_0080000000.vcf.gz)	COMPLETED	0	2026-09-18 10:44:56.960	19m 50s	19m 49s	395.5%	688.9 MB	947.3 MB	186.6 MB	23.9 MB
73	a4/43d8cd	316105	ANCESTRY_ESTIMATION:EXECUTE_TRACE (27)	COMPLETED	0	2026-09-18 11:00:22.449	5m 25s	5m 25s	101.0%	6.9 GB	7 GB	10.4 GB	55.3 MB
74	1b/02d385	316912	ANCESTRY_ESTIMATION:EXECUTE_TRACE (21)	COMPLETED	0	2026-09-18 11:00:24.847	5m 26s	5m 25s	101.0%	6.9 GB	7 GB	10.4 GB	55.3 MB
75	f4/e51634	317590	ANCESTRY_ESTIMATION:EXECUTE_TRACE (43)	COMPLETED	0	2026-09-18 11:00:25.920	5m 25s	5m 25s	101.0%	6.9 GB	7 GB	10.4 GB	55.3 MB
76	37/e64e41	335380	ANCESTRY_ESTIMATION:EXECUTE_TRACE (24)	COMPLETED	0	2026-09-18 11:03:51.588	5m 27s	5m 26s	101.0%	6.9 GB	7 GB	10.4 GB	55.3 MB
145	37/59f0e1	368139	QUALITY_CONTROL:QUALITY_CONTROL_REPORT	COMPLETED	0	2026-09-18 11:09:18.111	2.4s	1.7s	324.6%	145.3 MB	8.8 GB	23.6 MB	5.1 MB
79	bb/826e5b	348621	ANCESTRY_ESTIMATION:EXECUTE_TRACE (42)	COMPLETED	0	2026-09-18 11:05:51.248	4m 58s	4m 58s	101.1%	6.9 GB	6.9 GB	10.4 GB	28.2 MB
77	a6/51eb62	347025	ANCESTRY_ESTIMATION:EXECUTE_TRACE (7)	COMPLETED	0	2026-09-18 11:05:47.662	5m 28s	5m 27s	101.0%	6.9 GB	7 GB	10.4 GB	55.3 MB
78	db/bc29fe	348105	ANCESTRY_ESTIMATION:EXECUTE_TRACE (40)	COMPLETED	0	2026-09-18 11:05:50.802	5m 26s	5m 25s	100.8%	6.9 GB	7 GB	10.4 GB	55.3 MB
132	3a/f77582	320068	PHASING:EAGLE (chunk_16_0040000001_0060000000.vcf.gz)	COMPLETED	0	2026-09-18 11:00:39.636	12m 41s	12m 40s	395.4%	501.6 MB	715.7 MB	130.6 MB	15.3 MB
234	6f/5c09af	369100	ANCESTRY_ESTIMATION:EXECUTE_TRACE (22)	COMPLETED	0	2026-09-18 11:09:20.479	5m 26s	5m 25s	101.0%	6.9 GB	7 GB	10.4 GB	55.3 MB
235	02/4fc6d1	376515	ANCESTRY_ESTIMATION:EXECUTE_TRACE (3)	COMPLETED	0	2026-09-18 11:10:49.376	5m 26s	5m 25s	100.9%	6.9 GB	7 GB	10.4 GB	55.3 MB
236	4b/35c636	379293	ANCESTRY_ESTIMATION:EXECUTE_TRACE (5)	COMPLETED	0	2026-09-18 11:11:15.367	5m 27s	5m 26s	100.9%	6.9 GB	6.9 GB	10.4 GB	55.3 MB
237	da/f6bd27	380049	ANCESTRY_ESTIMATION:EXECUTE_TRACE (12)	COMPLETED	0	2026-09-18 11:11:16.693	5m 27s	5m 26s	101.0%	6.9 GB	7 GB	10.4 GB	55.3 MB
238	14/d9c3b8	396449	ANCESTRY_ESTIMATION:EXECUTE_TRACE (33)	COMPLETED	0	2026-09-18 11:14:46.200	5m 26s	5m 25s	101.0%	6.9 GB	7 GB	10.4 GB	55.3 MB
138	5a/de02a4	313007	PHASING:EAGLE (chunk_17_0060000001_0080000000.vcf.gz)	COMPLETED	0	2026-09-18 10:59:46.926	20m 53s	20m 53s	396.0%	671.9 MB	918 MB	174.3 MB	25.1 MB
239	a9/559c3d	402754	ANCESTRY_ESTIMATION:EXECUTE_TRACE (10)	COMPLETED	0	2026-09-18 11:16:14.915	5m 27s	5m 26s	101.0%	6.9 GB	7 GB	10.4 GB	55.3 MB
117	78/1345b5	340784	PHASING:EAGLE (chunk_13_0060000001_0080000000.vcf.gz)	COMPLETED	0	2026-09-18 11:04:46.550	17m 11s	17m 10s	395.7%	637.9 MB	830.8 MB	177.4 MB	20.9 MB
240	8a/4a9935	405353	ANCESTRY_ESTIMATION:EXECUTE_TRACE (39)	COMPLETED	0	2026-09-18 11:16:42.451	5m 26s	5m 25s	101.0%	6.9 GB	7 GB	10.4 GB	55.3 MB
241	f4/e0198b	406052	ANCESTRY_ESTIMATION:EXECUTE_TRACE (26)	COMPLETED	0	2026-09-18 11:16:43.596	5m 28s	5m 27s	101.0%	6.9 GB	6.9 GB	10.4 GB	55.3 MB
242	f6/4fce87	419837	ANCESTRY_ESTIMATION:EXECUTE_TRACE (47)	COMPLETED	0	2026-09-18 11:20:11.891	5m 26s	5m 25s	101.0%	6.9 GB	7 GB	10.4 GB	55.3 MB
89	00/e5bff7	333190	PHASING:EAGLE (chunk_11_0000000001_0020000000.vcf.gz)	COMPLETED	0	2026-09-18 11:03:36.505	22m 58s	22m 57s	396.2%	774.7 MB	1 GB	183.6 MB	26.3 MB
243	b4/2a9f14	427784	ANCESTRY_ESTIMATION:EXECUTE_TRACE (45)	COMPLETED	0	2026-09-18 11:21:41.954	5m 27s	5m 27s	101.0%	6.9 GB	6.9 GB	10.4 GB	55.3 MB
244	ff/9f1384	431859	ANCESTRY_ESTIMATION:EXECUTE_TRACE (6)	COMPLETED	0	2026-09-18 11:22:08.344	5m 28s	5m 27s	101.0%	6.9 GB	6.9 GB	10.4 GB	55.3 MB
245	d8/e23a41	432771	ANCESTRY_ESTIMATION:EXECUTE_TRACE (32)	COMPLETED	0	2026-09-18 11:22:11.446	5m 26s	5m 25s	101.0%	6.9 GB	6.9 GB	10.4 GB	55.3 MB
246	89/fbbb07	448535	ANCESTRY_ESTIMATION:EXECUTE_TRACE (36)	COMPLETED	0	2026-09-18 11:25:38.086	5m 27s	5m 26s	101.0%	6.9 GB	7 GB	10.4 GB	55.3 MB
247	a2/b01397	457092	ANCESTRY_ESTIMATION:EXECUTE_TRACE (13)	COMPLETED	0	2026-09-18 11:27:09.184	5m 25s	5m 25s	101.0%	6.9 GB	7 GB	10.4 GB	55.3 MB
248	ff/cc185a	460340	ANCESTRY_ESTIMATION:EXECUTE_TRACE (37)	COMPLETED	0	2026-09-18 11:27:36.781	5m 26s	5m 25s	101.0%	6.9 GB	7 GB	10.4 GB	55.3 MB
249	99/1800ae	461040	ANCESTRY_ESTIMATION:EXECUTE_TRACE (18)	COMPLETED	0	2026-09-18 11:27:37.577	5m 28s	5m 27s	100.9%	6.9 GB	7 GB	10.4 GB	55.3 MB
85	35/64c78e	389725	PHASING:EAGLE (chunk_1_0000000001_0020000000.vcf.gz)	COMPLETED	0	2026-09-18 11:13:20.419	20m 33s	20m 32s	396.2%	663.3 MB	1.2 GB	170.6 MB	24.3 MB
250	e7/a98726	477788	ANCESTRY_ESTIMATION:EXECUTE_TRACE (44)	COMPLETED	0	2026-09-18 11:31:04.774	5m 33s	5m 32s	100.9%	6.9 GB	6.9 GB	10.4 GB	55.3 MB
251	3f/e9d663	484381	ANCESTRY_ESTIMATION:EXECUTE_TRACE (23)	COMPLETED	0	2026-09-18 11:32:34.639	5m 26s	5m 25s	101.0%	6.9 GB	6.9 GB	10.4 GB	55.3 MB
252	34/24c394	487204	ANCESTRY_ESTIMATION:EXECUTE_TRACE (31)	COMPLETED	0	2026-09-18 11:33:02.534	5m 26s	5m 25s	101.0%	6.9 GB	7 GB	10.4 GB	55.3 MB
151	43/9361c7	422575	PHASING:EAGLE (chunk_2_0060000001_0080000000.vcf.gz)	COMPLETED	0	2026-09-18 11:20:40.356	19m 36s	19m 36s	395.8%	687.7 MB	993.2 MB	181.7 MB	23.9 MB
87	a8/87d809	429953	PHASING:EAGLE (chunk_10_0100000001_0120000000.vcf.gz)	COMPLETED	0	2026-09-18 11:21:57.465	20m 17s	20m 17s	395.8%	700.6 MB	992.5 MB	179.7 MB	24.4 MB
107	ae/0b9bcc	453397	PHASING:EAGLE (chunk_12_0000000001_0020000000.vcf.gz)	COMPLETED	0	2026-09-18 11:26:34.720	20m 35s	20m 35s	396.5%	661.7 MB	1 GB	171.8 MB	24 MB
253	64/d22eaa	501029	IMPUTATION:MINIMAC4 (chunk_1_0100000001_0120000000.phased.vcf.gz)	COMPLETED	0	2026-09-18 11:36:37.413	15m 5s	15m 4s	123.2%	1 GB	1.1 GB	877.1 MB	580.8 MB
120	1c/4f4ac4	490750	PHASING:EAGLE (chunk_14_0020000001_0040000000.vcf.gz)	COMPLETED	0	2026-09-18 11:33:53.034	18m 5s	18m 4s	396.0%	622.1 MB	814.1 MB	168.2 MB	21.3 MB
254	af/b9b609	507253	IMPUTATION:MINIMAC4 (chunk_13_0040000001_0060000000.phased.vcf.gz)	COMPLETED	0	2026-09-18 11:38:28.634	14m 19s	14m 18s	125.2%	1013.3 MB	1 GB	830.9 MB	501.6 MB
82	fd/ce9afe	519000	PHASING:EAGLE (chunk_10_0040000001_0060000000.vcf.gz)	COMPLETED	0	2026-09-18 11:42:14.783	14m 22s	14m 21s	395.1%	561.2 MB	734 MB	160.4 MB	17.2 MB
90	c6/a8750b	512464	PHASING:EAGLE (chunk_11_0020000001_0040000000.vcf.gz)	COMPLETED	0	2026-09-18 11:40:16.608	21m 3s	21m 3s	395.6%	691.6 MB	1.2 GB	188.2 MB	24.6 MB
124	d0/8ae334	546142	PHASING:EAGLE (chunk_14_0100000001_0120000000.vcf.gz)	COMPLETED	0	2026-09-18 11:51:57.960	9m 57s	9m 56s	395.3%	422.6 MB	671.8 MB	113.3 MB	11.8 MB
255	19/13f6eb	544569	IMPUTATION:MINIMAC4 (chunk_1_0200000001_0220000000.phased.vcf.gz)	COMPLETED	0	2026-09-18 11:51:41.958	15m 30s	15m 30s	126.2%	1.1 GB	1.1 GB	917.9 MB	556.3 MB
256	e5/c5e9b4	549094	IMPUTATION:MINIMAC4 (chunk_12_0100000001_0120000000.phased.vcf.gz)	COMPLETED	0	2026-09-18 11:52:47.728	15m 7s	15m 6s	126.8%	1.1 GB	1.1 GB	921.9 MB	525.1 MB
143	7f/026154	533901	PHASING:EAGLE (chunk_18_0060000001_0080000000.vcf.gz)	COMPLETED	0	2026-09-18 11:47:10.111	21m 31s	21m 31s	396.3%	709.9 MB	1.1 GB	172.7 MB	24.9 MB
109	b9/f28e07	577409	PHASING:EAGLE (chunk_12_0040000001_0060000000.vcf.gz)	COMPLETED	0	2026-09-18 12:01:54.615	14m 47s	14m 47s	394.4%	585.4 MB	804.3 MB	163.3 MB	18.5 MB
118	af/a846bd	560767	PHASING:EAGLE (chunk_13_0080000001_0100000000.vcf.gz)	COMPLETED	0	2026-09-18 11:56:36.899	20m 20s	20m 19s	396.1%	695.6 MB	1005.2 MB	185.3 MB	23.9 MB
97	d0/dc814e	575014	PHASING:EAGLE (chunk_1_0060000001_0080000000.vcf.gz)	COMPLETED	0	2026-09-18 12:01:19.858	19m 43s	19m 42s	395.8%	663.9 MB	979.9 MB	179.3 MB	23.5 MB
258	56/ffefe0	592789	IMPUTATION:MINIMAC4 (chunk_14_0060000001_0080000000.phased.vcf.gz)	COMPLETED	0	2026-09-18 12:07:55.181	15m 12s	15m 11s	125.6%	1.1 GB	1.1 GB	908.8 MB	538.5 MB
257	a3/6c63f3	590165	IMPUTATION:MINIMAC4 (chunk_10_0020000001_0040000000.phased.vcf.gz)	COMPLETED	0	2026-09-18 12:07:12.434	16m 39s	16m 38s	122.0%	1.1 GB	1.1 GB	962.4 MB	668.7 MB
131	58/9ce7f4	619427	PHASING:EAGLE (chunk_16_0020000001_0040000000.vcf.gz)	COMPLETED	0	2026-09-18 12:16:56.865	9m 37s	9m 36s	394.5%	408.8 MB	671.8 MB	118.7 MB	11.3 MB
115	4c/b9ceb5	596031	PHASING:EAGLE (chunk_13_0020000001_0040000000.vcf.gz)	COMPLETED	0	2026-09-18 12:08:41.326	21m 22s	21m 21s	396.2%	674.8 MB	1 GB	179.3 MB	25 MB
114	3e/e949d8	658031	PHASING:EAGLE (chunk_13_0000000001_0020000000.vcf.gz)	COMPLETED	0	2026-09-18 12:30:03.151	5m 25s	5m 24s	393.2%	283.6 MB	495 MB	84.3 MB	6.2 MB
135	fd/06a1d8	617841	PHASING:EAGLE (chunk_17_0000000001_0020000000.vcf.gz)	COMPLETED	0	2026-09-18 12:16:42.021	18m 52s	18m 51s	396.0%	625.4 MB	823.3 MB	161 MB	21.5 MB
259	ea/22b3c1	634262	IMPUTATION:MINIMAC4 (chunk_14_0040000001_0060000000.phased.vcf.gz)	COMPLETED	0	2026-09-18 12:23:07.502	15m 59s	15m 59s	123.4%	1.1 GB	1.1 GB	928.2 MB	600.3 MB
260	7a/08e07e	637403	IMPUTATION:MINIMAC4 (chunk_10_0060000001_0080000000.phased.vcf.gz)	COMPLETED	0	2026-09-18 12:23:51.404	15m 32s	15m 32s	123.3%	1.1 GB	1.1 GB	911.2 MB	600 MB
167	74/648dff	647159	PHASING:EAGLE (chunk_21_0040000001_0060000000.vcf.gz)	COMPLETED	0	2026-09-18 12:26:33.825	13m 33s	13m 32s	396.0%	499.5 MB	706.7 MB	122.8 MB	15.5 MB
127	f8/8774da	628535	PHASING:EAGLE (chunk_15_0060000001_0080000000.vcf.gz)	COMPLETED	0	2026-09-18 12:21:02.472	20m 40s	20m 39s	395.9%	715.4 MB	1013.2 MB	176.2 MB	24.6 MB
261	b7/dddc45	680523	IMPUTATION:MINIMAC4 (chunk_16_0040000001_0060000000.phased.vcf.gz)	COMPLETED	0	2026-09-18 12:39:06.764	10m 59s	10m 58s	126.9%	767.8 MB	806.7 MB	640.6 MB	423.6 MB
98	d3/23ba42	672784	PHASING:EAGLE (chunk_1_0080000001_0100000000.vcf.gz)	COMPLETED	0	2026-09-18 12:35:33.717	18m	17m 59s	395.4%	636.4 MB	1.1 GB	174.2 MB	21.8 MB
84	8a/afba8c	671795	PHASING:EAGLE (chunk_10_0080000001_0100000000.vcf.gz)	COMPLETED	0	2026-09-18 12:35:28.302	18m 31s	18m 31s	395.6%	652.4 MB	1.1 GB	174.5 MB	22.5 MB
125	cf/68dea9	691663	PHASING:EAGLE (chunk_15_0020000001_0040000000.vcf.gz)	COMPLETED	0	2026-09-18 12:41:42.389	15m 12s	15m 11s	394.9%	543.9 MB	732.8 MB	151.3 MB	17.8 MB
262	1e/12f228	682250	IMPUTATION:MINIMAC4 (chunk_17_0060000001_0080000000.phased.vcf.gz)	COMPLETED	0	2026-09-18 12:39:23.796	18m 32s	18m 32s	127.8%	1.2 GB	1.3 GB	1.1 GB	718.6 MB
86	0b/18ec72	685302	PHASING:EAGLE (chunk_1_0020000001_0040000000.vcf.gz)	COMPLETED	0	2026-09-18 12:40:06.365	20m 31s	20m 31s	395.6%	692.7 MB	1.1 GB	177.6 MB	24.6 MB
263	9e/b6a20c	718126	IMPUTATION:MINIMAC4 (chunk_13_0060000001_0080000000.phased.vcf.gz)	COMPLETED	0	2026-09-18 12:50:05.412	15m 34s	15m 34s	123.9%	1.1 GB	1.1 GB	887.4 MB	574 MB
103	44/bcf1b5	723821	PHASING:EAGLE (chunk_1_0180000001_0200000000.vcf.gz)	COMPLETED	0	2026-09-18 12:53:33.269	17m 21s	17m 21s	395.4%	620.3 MB	832 MB	175.1 MB	20.9 MB
96	77/be7bae	725727	PHASING:EAGLE (chunk_1_0040000001_0060000000.vcf.gz)	COMPLETED	0	2026-09-18 12:53:59.760	17m 59s	17m 58s	395.0%	633.8 MB	898.1 MB	169.9 MB	22.3 MB
119	09/1fdffb	733394	PHASING:EAGLE (chunk_13_0100000001_0120000000.vcf.gz)	COMPLETED	0	2026-09-18 12:56:53.977	18m 33s	18m 32s	396.3%	621.3 MB	1.1 GB	154.3 MB	21.5 MB
264	11/b89607	737316	IMPUTATION:MINIMAC4 (chunk_11_0000000001_0020000000.phased.vcf.gz)	COMPLETED	0	2026-09-18 12:57:55.986	18m 21s	18m 21s	125.7%	1.2 GB	1.3 GB	1 GB	722.5 MB
266	f7/5ed2a4	787741	ANCESTRY_ESTIMATION:ESTIMATE_ANCESTRY	COMPLETED	0	2026-09-18 13:16:17.196	1.7s	893ms	301.1%	17.7 MB	716.4 MB	5.6 MB	490.8 KB
95	30/0a90ee	746860	PHASING:EAGLE (chunk_11_0120000001_0140000000.vcf.gz)	COMPLETED	0	2026-09-18 13:00:37.822	17m 52s	17m 51s	396.3%	615.4 MB	822.4 MB	149.3 MB	21.2 MB
100	dc/34e87d	784789	PHASING:EAGLE (chunk_1_0120000001_0140000000.vcf.gz)	COMPLETED	0	2026-09-18 13:15:26.539	3m 11s	3m 10s	388.9%	258 MB	543 MB	77 MB	4.2 MB
101	2c/0221df	776031	PHASING:EAGLE (chunk_1_0140000001_0160000000.vcf.gz)	COMPLETED	0	2026-09-18 13:11:58.776	10m 27s	10m 27s	394.9%	436.7 MB	686.1 MB	125.2 MB	12.8 MB
106	13/b141a2	773180	PHASING:EAGLE (chunk_1_0240000001_0260000000.vcf.gz)	COMPLETED	0	2026-09-18 13:10:54.591	12m 48s	12m 47s	395.8%	488.8 MB	823.1 MB	126.2 MB	14.7 MB
265	6b/ecae45	762126	IMPUTATION:MINIMAC4 (chunk_1_0000000001_0020000000.phased.vcf.gz)	COMPLETED	0	2026-09-18 13:05:39.805	19m 22s	19m 21s	126.4%	1.2 GB	1.3 GB	1.1 GB	814.6 MB
267	5b/d73ec8	788616	IMPUTATION:MINIMAC4 (chunk_2_0060000001_0080000000.phased.vcf.gz)	COMPLETED	0	2026-09-18 13:16:18.892	15m 29s	15m 29s	126.0%	1.1 GB	1.1 GB	942.8 MB	538 MB
137	d9/499397	796925	PHASING:EAGLE (chunk_17_0040000001_0060000000.vcf.gz)	COMPLETED	0	2026-09-18 13:18:37.313	16m 22s	16m 21s	394.8%	601 MB	804.8 MB	164.5 MB	20.4 MB
180	42/b494c0	795566	PHASING:EAGLE (chunk_3_0180000001_0200000000.vcf.gz)	COMPLETED	0	2026-09-18 13:18:29.489	17m 38s	17m 37s	396.1%	612 MB	821.3 MB	160.1 MB	21.2 MB
268	ad/0862ce	819815	IMPUTATION:MINIMAC4 (chunk_10_0100000001_0120000000.phased.vcf.gz)	COMPLETED	0	2026-09-18 13:25:01.683	15m 10s	15m 10s	125.3%	1 GB	1.1 GB	890.1 MB	545 MB
270	ea/4070f7	860372	PGS_CALCULATION:CALCULATE_CHUNKS (chunk_1_0100000001_0120000000.phased.dose.vcf.gz)	COMPLETED	0	2026-09-18 13:40:11.907	53.2s	52.4s	108.0%	488 MB	4.6 GB	512.5 MB	495.7 KB
102	82/cb7e01	809780	PHASING:EAGLE (chunk_1_0160000001_0180000000.vcf.gz)	COMPLETED	0	2026-09-18 13:22:26.102	19m 35s	19m 34s	395.8%	662.9 MB	929.4 MB	178.4 MB	23.5 MB
88	13/a4123f	814347	PHASING:EAGLE (chunk_10_0120000001_0140000000.vcf.gz)	COMPLETED	0	2026-09-18 13:23:42.790	20m 19s	20m 18s	396.4%	666.7 MB	909.1 MB	159.2 MB	23.7 MB
91	6e/cfb916	850022	PHASING:EAGLE (chunk_11_0040000001_0060000000.vcf.gz)	COMPLETED	0	2026-09-18 13:36:07.598	13m 1s	13m	394.3%	560.5 MB	1.1 GB	161 MB	16.6 MB
269	dd/2e8782	839830	IMPUTATION:MINIMAC4 (chunk_12_0000000001_0020000000.phased.vcf.gz)	COMPLETED	0	2026-09-18 13:31:48.381	18m 10s	18m 9s	126.1%	1.2 GB	1.2 GB	1 GB	750.4 MB
272	84/a4eb05	891072	PGS_CALCULATION:CALCULATE_CHUNKS (chunk_13_0040000001_0060000000.phased.dose.vcf.gz)	COMPLETED	0	2026-09-18 13:49:58.243	49.2s	48.5s	108.4%	460.2 MB	4.7 GB	439.7 MB	446 KB
141	0f/e9ba6a	867141	PHASING:EAGLE (chunk_18_0020000001_0040000000.vcf.gz)	COMPLETED	0	2026-09-18 13:42:00.694	15m 23s	15m 23s	395.3%	591.7 MB	807.9 MB	155.7 MB	18.6 MB
271	96/871c4b	863884	IMPUTATION:MINIMAC4 (chunk_14_0020000001_0040000000.phased.vcf.gz)	COMPLETED	0	2026-09-18 13:41:05.118	17m 11s	17m 10s	125.5%	1.1 GB	1.2 GB	992.1 MB	698.1 MB
128	9b/c42665	846948	PHASING:EAGLE (chunk_15_0080000001_0100000000.vcf.gz)	COMPLETED	0	2026-09-18 13:34:59.183	24m 50s	24m 49s	396.2%	799.7 MB	1.1 GB	187.4 MB	28.6 MB
110	97/b2f79d	873850	PHASING:EAGLE (chunk_12_0060000001_0080000000.vcf.gz)	COMPLETED	0	2026-09-18 13:44:01.897	17m 12s	17m 11s	395.4%	621.2 MB	823.5 MB	174 MB	21.2 MB
273	ca/1a6562	894643	IMPUTATION:MINIMAC4 (chunk_10_0040000001_0060000000.phased.vcf.gz)	COMPLETED	0	2026-09-18 13:50:47.500	14m 54s	14m 53s	121.1%	887.1 MB	926.3 MB	788 MB	672.8 MB
94	7a/ffd59b	887647	PHASING:EAGLE (chunk_11_0100000001_0120000000.vcf.gz)	COMPLETED	0	2026-09-18 13:49:08.381	21m 33s	21m 32s	396.0%	749.4 MB	1.1 GB	187.4 MB	25.6 MB
275	cf/5b4a73	934857	IMPUTATION:MINIMAC4 (chunk_14_0100000001_0120000000.phased.vcf.gz)	COMPLETED	0	2026-09-18 14:05:41.619	9m 4s	9m 4s	120.6%	483.3 MB	521.1 MB	494.5 MB	468.5 MB
274	f2/efadbc	912034	IMPUTATION:MINIMAC4 (chunk_11_0020000001_0040000000.phased.vcf.gz)	COMPLETED	0	2026-09-18 13:58:15.987	16m 53s	16m 53s	124.5%	1.1 GB	1.1 GB	936 MB	647.7 MB
113	20/7aafd5	908977	PHASING:EAGLE (chunk_12_0120000001_0140000000.vcf.gz)	COMPLETED	0	2026-09-18 13:57:23.879	18m 3s	18m 2s	396.1%	607.5 MB	1.1 GB	150.4 MB	20.8 MB
276	7a/9b6315	956416	PGS_CALCULATION:CALCULATE_CHUNKS (chunk_1_0200000001_0220000000.phased.dose.vcf.gz)	COMPLETED	0	2026-09-18 14:14:45.929	53s	52.1s	107.9%	523.2 MB	4.7 GB	490.5 MB	564.3 KB
277	5c/20e28d	958080	PGS_CALCULATION:CALCULATE_CHUNKS (chunk_12_0100000001_0120000000.phased.dose.vcf.gz)	COMPLETED	0	2026-09-18 14:15:09.237	51.1s	50.4s	109.6%	491 MB	4.6 GB	457.6 MB	584.5 KB
129	69/86d7f7	948134	PHASING:EAGLE (chunk_15_0100000001_0120000000.vcf.gz)	COMPLETED	0	2026-09-18 14:10:41.228	8m 46s	8m 45s	395.1%	375.6 MB	655.9 MB	93.8 MB	9.9 MB
80	f0/0a713c	916791	PHASING:EAGLE (chunk_10_0000000001_0020000000.vcf.gz)	COMPLETED	0	2026-09-18 13:59:48.786	24m 16s	24m 15s	396.3%	779.7 MB	1 GB	187.7 MB	28.2 MB
133	5c/43b586	921274	PHASING:EAGLE (chunk_16_0060000001_0080000000.vcf.gz)	COMPLETED	0	2026-09-18 14:01:13.431	28m 11s	28m 10s	396.7%	911.1 MB	1.1 GB	211.8 MB	32.9 MB
279	ed/75a2fb	963549	IMPUTATION:MINIMAC4 (chunk_12_0040000001_0060000000.phased.vcf.gz)	COMPLETED	0	2026-09-18 14:16:00.370	14m 48s	14m 47s	124.0%	1 GB	1.1 GB	868.9 MB	537.7 MB
278	92/21f8ad	961483	IMPUTATION:MINIMAC4 (chunk_18_0060000001_0080000000.phased.vcf.gz)	COMPLETED	0	2026-09-18 14:15:38.973	16m 57s	16m 57s	127.0%	1.1 GB	1.2 GB	953.6 MB	641.6 MB
136	9f/0b1b8d	988234	PHASING:EAGLE (chunk_17_0020000001_0040000000.vcf.gz)	COMPLETED	0	2026-09-18 14:24:04.710	13m 21s	13m 21s	394.9%	513.9 MB	732.5 MB	148.7 MB	16.3 MB
93	5e/64eba0	959892	PHASING:EAGLE (chunk_11_0080000001_0100000000.vcf.gz)	COMPLETED	0	2026-09-18 14:15:26.730	23m	23m	396.2%	825.2 MB	1.3 GB	193.6 MB	27.7 MB
134	b3/adf4a7	974235	PHASING:EAGLE (chunk_16_0080000001_0100000000.vcf.gz)	COMPLETED	0	2026-09-18 14:19:27.317	22m 34s	22m 33s	396.6%	781.7 MB	1.2 GB	167 MB	26.3 MB
280	ac/717288	1003532	IMPUTATION:MINIMAC4 (chunk_13_0080000001_0100000000.phased.vcf.gz)	COMPLETED	0	2026-09-18 14:30:47.927	15m 20s	15m 20s	123.4%	1 GB	1.1 GB	885.3 MB	568 MB
282	86/894854	1045862	PGS_CALCULATION:CALCULATE_CHUNKS (chunk_14_0060000001_0080000000.phased.dose.vcf.gz)	COMPLETED	0	2026-09-18 14:46:08.434	52.1s	51.3s	107.9%	455.6 MB	4.7 GB	473.9 MB	611.6 KB
111	f5/2db2f8	999968	PHASING:EAGLE (chunk_12_0080000001_0100000000.vcf.gz)	COMPLETED	0	2026-09-18 14:29:24.589	17m 43s	17m 42s	395.5%	634.7 MB	830.7 MB	173.1 MB	21.8 MB
281	7c/4fb439	1008652	IMPUTATION:MINIMAC4 (chunk_1_0060000001_0080000000.phased.vcf.gz)	COMPLETED	0	2026-09-18 14:32:36.388	14m 51s	14m 50s	123.5%	1021.6 MB	1 GB	855.7 MB	583.4 MB
283	12/84cb26	1049375	PGS_CALCULATION:CALCULATE_CHUNKS (chunk_10_0020000001_0040000000.phased.dose.vcf.gz)	COMPLETED	0	2026-09-18 14:47:00.555	57.3s	56.5s	107.3%	485.2 MB	4.6 GB	573.9 MB	443 KB
108	7b/21a39b	1021099	PHASING:EAGLE (chunk_12_0020000001_0040000000.vcf.gz)	COMPLETED	0	2026-09-18 14:37:26.210	17m 59s	17m 58s	395.5%	639 MB	1020.1 MB	177.3 MB	21.6 MB
197	8a/3a1741	1025086	PHASING:EAGLE (chunk_5_0120000001_0140000000.vcf.gz)	COMPLETED	0	2026-09-18 14:38:27.101	17m 53s	17m 52s	395.1%	642.9 MB	844.9 MB	175.3 MB	22.1 MB
284	95/3b77ef	1052723	IMPUTATION:MINIMAC4 (chunk_16_0020000001_0040000000.phased.vcf.gz)	COMPLETED	0	2026-09-18 14:47:27.124	12m	12m	121.3%	723 MB	762.2 MB	682.8 MB	525 MB
286	1b/14757c	1086360	IMPUTATION:MINIMAC4 (chunk_13_0000000001_0020000000.phased.vcf.gz)	COMPLETED	0	2026-09-18 14:59:27.471	1m 41s	1m 40s	109.7%	105.7 MB	122.9 MB	98.1 MB	128.3 MB
130	12/c0b173	1035526	PHASING:EAGLE (chunk_16_0000000001_0020000000.vcf.gz)	COMPLETED	0	2026-09-18 14:42:01.216	21m 58s	21m 57s	396.1%	707.8 MB	1001 MB	184.5 MB	25.5 MB
285	03/6923ea	1055436	IMPUTATION:MINIMAC4 (chunk_13_0020000001_0040000000.phased.vcf.gz)	COMPLETED	0	2026-09-18 14:47:57.835	17m 56s	17m 56s	126.0%	1.2 GB	1.2 GB	1 GB	695.5 MB
288	6f/87dc45	1104578	PGS_CALCULATION:CALCULATE_CHUNKS (chunk_14_0040000001_0060000000.phased.dose.vcf.gz)	COMPLETED	0	2026-09-18 15:05:54.241	54.3s	53.5s	107.4%	524.8 MB	4.6 GB	517.8 MB	573.5 KB
289	1d/2f4081	1107721	PGS_CALCULATION:CALCULATE_CHUNKS (chunk_10_0060000001_0080000000.phased.dose.vcf.gz)	COMPLETED	0	2026-09-18 15:06:48.587	54.3s	53.4s	107.7%	430.4 MB	4.7 GB	529.8 MB	490.9 KB
126	7e/b898e2	1050607	PHASING:EAGLE (chunk_15_0040000001_0060000000.vcf.gz)	COMPLETED	0	2026-09-18 14:47:07.488	21m 6s	21m 6s	395.8%	710 MB	1 GB	182.7 MB	25.2 MB
139	e6/4dd687	1112979	PHASING:EAGLE (chunk_17_0080000001_0100000000.vcf.gz)	COMPLETED	0	2026-09-18 15:08:13.878	6m 57s	6m 57s	394.5%	324.1 MB	938.1 MB	87.7 MB	8.3 MB
140	67/c8d30d	1078910	PHASING:EAGLE (chunk_18_0000000001_0020000000.vcf.gz)	COMPLETED	0	2026-09-18 14:56:20.030	19m 9s	19m 8s	396.3%	622.5 MB	952.8 MB	159.7 MB	21.5 MB
290	7b/a2238e	1110807	IMPUTATION:MINIMAC4 (chunk_21_0040000001_0060000000.phased.vcf.gz)	COMPLETED	0	2026-09-18 15:07:42.844	8m 29s	8m 28s	129.5%	602.3 MB	641 MB	508.7 MB	320.3 MB
142	cd/2e0a1b	1075258	PHASING:EAGLE (chunk_18_0040000001_0060000000.vcf.gz)	COMPLETED	0	2026-09-18 14:55:24.830	21m 9s	21m 9s	395.6%	725 MB	990.5 MB	183.2 MB	25 MB
287	17/b9a441	1091262	IMPUTATION:MINIMAC4 (chunk_17_0000000001_0020000000.phased.vcf.gz)	COMPLETED	0	2026-09-18 15:01:08.475	18m 53s	18m 52s	127.2%	1.2 GB	1.3 GB	1.1 GB	758.3 MB
292	47/8bb3ad	1147167	PGS_CALCULATION:CALCULATE_CHUNKS (chunk_16_0040000001_0060000000.phased.dose.vcf.gz)	COMPLETED	0	2026-09-18 15:20:01.351	36.4s	35.6s	110.8%	452.1 MB	4.7 GB	358.6 MB	531.9 KB
105	d1/6c6418	1098715	PHASING:EAGLE (chunk_1_0220000001_0240000000.vcf.gz)	COMPLETED	0	2026-09-18 15:03:58.955	23m 41s	23m 40s	396.5%	766.2 MB	1.1 GB	193.3 MB	27.8 MB
291	62/2f81df	1134513	IMPUTATION:MINIMAC4 (chunk_15_0060000001_0080000000.phased.vcf.gz)	COMPLETED	0	2026-09-18 15:16:11.853	15m 34s	15m 34s	126.1%	1.1 GB	1.1 GB	936.3 MB	570.4 MB
92	3a/835378	1130267	PHASING:EAGLE (chunk_11_0060000001_0080000000.vcf.gz)	COMPLETED	0	2026-09-18 15:15:11.106	17m 16s	17m 15s	395.0%	637.6 MB	967.1 MB	174.5 MB	21.4 MB
144	dd/c3abd3	1136406	PHASING:EAGLE (chunk_19_0000000001_0020000000.vcf.gz)	COMPLETED	0	2026-09-18 15:16:34.180	18m 29s	18m 28s	395.4%	608.6 MB	818.6 MB	175.9 MB	21.3 MB
293	5f/247d30	1150186	IMPUTATION:MINIMAC4 (chunk_1_0080000001_0100000000.phased.vcf.gz)	COMPLETED	0	2026-09-18 15:20:37.709	14m 45s	14m 44s	123.6%	1 GB	1.1 GB	865.2 MB	557.2 MB
123	10/3813fa	1131842	PHASING:EAGLE (chunk_14_0080000001_0100000000.vcf.gz)	COMPLETED	0	2026-09-18 15:15:28.934	24m 13s	24m 12s	396.4%	802.6 MB	1.1 GB	193.5 MB	28.6 MB
146	12/94f486	1169807	PHASING:EAGLE (chunk_19_0020000001_0040000000.vcf.gz)	COMPLETED	0	2026-09-18 15:27:39.987	16m 44s	16m 44s	394.5%	604.9 MB	812.5 MB	175.6 MB	20 MB
294	de/8e96f3	1177066	IMPUTATION:MINIMAC4 (chunk_10_0080000001_0100000000.phased.vcf.gz)	COMPLETED	0	2026-09-18 15:31:46.335	15m 19s	15m 18s	124.2%	1.1 GB	1.1 GB	896.5 MB	573.7 MB
296	c6/88cf9e	1222042	PGS_CALCULATION:CALCULATE_CHUNKS (chunk_17_0060000001_0080000000.phased.dose.vcf.gz)	COMPLETED	0	2026-09-18 15:47:05.167	58.3s	57.5s	107.7%	472.6 MB	4.6 GB	594.3 MB	619.6 KB
152	17/09b7a7	1202263	PHASING:EAGLE (chunk_2_0080000001_0100000000.vcf.gz)	COMPLETED	0	2026-09-18 15:39:41.992	12m 10s	12m 9s	394.8%	515.7 MB	723.6 MB	145.6 MB	15.3 MB
147	9e/28e630	1179185	PHASING:EAGLE (chunk_19_0040000001_0060000000.vcf.gz)	COMPLETED	0	2026-09-18 15:32:27.071	19m 31s	19m 30s	395.8%	648.1 MB	1.2 GB	174.5 MB	23 MB
295	ee/73027f	1188153	IMPUTATION:MINIMAC4 (chunk_15_0020000001_0040000000.phased.vcf.gz)	COMPLETED	0	2026-09-18 15:35:22.765	18m	17m 59s	123.7%	1 GB	1.1 GB	994.2 MB	786 MB
298	05/f9f7ab	1239865	PGS_CALCULATION:CALCULATE_CHUNKS (chunk_13_0060000001_0080000000.phased.dose.vcf.gz)	COMPLETED	0	2026-09-18 15:53:22.957	54.5s	53.5s	107.7%	445.1 MB	4.6 GB	501.6 MB	448.4 KB
148	b9/a0361c	1186199	PHASING:EAGLE (chunk_2_0000000001_0020000000.vcf.gz)	COMPLETED	0	2026-09-18 15:35:02.788	20m 52s	20m 51s	396.0%	680.4 MB	1 GB	173.5 MB	24.6 MB
154	72/141dbc	1215960	PHASING:EAGLE (chunk_2_0120000001_0140000000.vcf.gz)	COMPLETED	0	2026-09-18 15:44:24.185	18m 5s	18m 4s	395.7%	635.4 MB	842.3 MB	179.3 MB	21.7 MB
297	82/26ddbb	1225345	IMPUTATION:MINIMAC4 (chunk_1_0020000001_0040000000.phased.vcf.gz)	COMPLETED	0	2026-09-18 15:48:03.462	15m 24s	15m 23s	126.1%	1.1 GB	1.1 GB	924.8 MB	567.9 MB
153	f3/b021cb	1233597	PHASING:EAGLE (chunk_2_0100000001_0120000000.vcf.gz)	COMPLETED	0	2026-09-18 15:51:52.096	15m 27s	15m 25s	395.1%	584.2 MB	798.9 MB	162.3 MB	18.9 MB
299	4e/623c09	1243772	IMPUTATION:MINIMAC4 (chunk_1_0180000001_0200000000.phased.vcf.gz)	COMPLETED	0	2026-09-18 15:54:17.478	15m 7s	15m 7s	121.1%	1 GB	1 GB	866.4 MB	608.1 MB
150	d7/e51ecb	1234633	PHASING:EAGLE (chunk_2_0040000001_0060000000.vcf.gz)	COMPLETED	0	2026-09-18 15:51:58.091	23m 26s	23m 25s	396.2%	826 MB	1 GB	197.6 MB	28.2 MB
300	dc/ea9cd3	1271847	IMPUTATION:MINIMAC4 (chunk_1_0040000001_0060000000.phased.vcf.gz)	COMPLETED	0	2026-09-18 16:03:27.274	14m 19s	14m 18s	125.2%	1 GB	1 GB	857.4 MB	506.4 MB
155	bd/68dfdb	1268516	PHASING:EAGLE (chunk_2_0140000001_0160000000.vcf.gz)	COMPLETED	0	2026-09-18 16:02:28.974	15m 48s	15m 48s	395.1%	607.9 MB	818.1 MB	165.7 MB	19.5 MB
149	f4/31afdc	1249308	PHASING:EAGLE (chunk_2_0020000001_0040000000.vcf.gz)	COMPLETED	0	2026-09-18 15:55:54.402	22m 40s	22m 39s	396.0%	792.4 MB	1.1 GB	191.8 MB	26.9 MB
302	85/3d65ec	1306993	PGS_CALCULATION:CALCULATE_CHUNKS (chunk_11_0000000001_0020000000.phased.dose.vcf.gz)	COMPLETED	0	2026-09-18 16:17:46.117	59.5s	58.6s	107.4%	506.1 MB	4.6 GB	622.4 MB	582.4 KB
303	95/84cd4c	1312842	ANCESTRY_ESTIMATION:VISUALIZE_ANCESTRY	COMPLETED	0	2026-09-18 16:18:45.603	6.7s	6s	210.0%	237.5 MB	9 GB	28 MB	8.6 MB
301	14/65bfd6	1286512	IMPUTATION:MINIMAC4 (chunk_13_0100000001_0120000000.phased.vcf.gz)	COMPLETED	0	2026-09-18 16:09:24.807	14m 22s	14m 21s	127.5%	979.2 MB	1017.5 MB	820.6 MB	537.2 MB
156	50/57d535	1280705	PHASING:EAGLE (chunk_2_0160000001_0180000000.vcf.gz)	COMPLETED	0	2026-09-18 16:07:18.878	17m 20s	17m 20s	395.1%	626.8 MB	838.6 MB	171.7 MB	21.5 MB
305	94/139842	1328906	IMPUTATION:MINIMAC4 (chunk_1_0120000001_0140000000.phased.vcf.gz)	COMPLETED	0	2026-09-18 16:23:46.558	1m 16s	1m 15s	113.1%	100.9 MB	120 MB	90 MB	87.9 MB
157	41/859782	1301147	PHASING:EAGLE (chunk_2_0180000001_0200000000.vcf.gz)	COMPLETED	0	2026-09-18 16:15:24.347	13m 50s	13m 49s	394.7%	566.6 MB	694.2 MB	158.6 MB	17.7 MB
304	de/e7a14e	1314148	IMPUTATION:MINIMAC4 (chunk_11_0120000001_0140000000.phased.vcf.gz)	COMPLETED	0	2026-09-18 16:18:52.282	12m 53s	12m 52s	128.1%	942.4 MB	981 MB	769.7 MB	452.1 MB
306	1c/97374a	1335350	IMPUTATION:MINIMAC4 (chunk_1_0140000001_0160000000.phased.vcf.gz)	COMPLETED	0	2026-09-18 16:25:02.658	12m 54s	12m 53s	120.0%	726.5 MB	767.6 MB	691.4 MB	542.6 MB
308	8f/039131	1369709	PGS_CALCULATION:CALCULATE_CHUNKS (chunk_1_0000000001_0020000000.phased.dose.vcf.gz)	COMPLETED	0	2026-09-18 16:37:56.276	58s	57s	108.1%	499.4 MB	4.6 GB	662.6 MB	538.9 KB
309	84/74448a	1372904	PGS_CALCULATION:CALCULATE_CHUNKS (chunk_2_0060000001_0080000000.phased.dose.vcf.gz)	COMPLETED	0	2026-09-18 16:38:54.277	53.2s	52.3s	107.7%	428.8 MB	4.6 GB	467.3 MB	599.5 KB
161	88/7f1fda	1311211	PHASING:EAGLE (chunk_20_0000000001_0020000000.vcf.gz)	COMPLETED	0	2026-09-18 16:18:34.355	22m	21m 59s	396.2%	680.1 MB	979.9 MB	173.6 MB	25.1 MB
162	94/244b53	1332950	PHASING:EAGLE (chunk_20_0020000001_0040000000.vcf.gz)	COMPLETED	0	2026-09-18 16:24:39.231	16m 30s	16m 30s	395.1%	616 MB	1.2 GB	161.3 MB	20.3 MB
307	6a/b65a10	1355189	IMPUTATION:MINIMAC4 (chunk_1_0240000001_0260000000.phased.vcf.gz)	COMPLETED	0	2026-09-18 16:31:44.989	9m 40s	9m 40s	127.6%	605 MB	643.2 MB	541 MB	430.4 MB
159	7c/1206b3	1309378	PHASING:EAGLE (chunk_2_0220000001_0240000000.vcf.gz)	COMPLETED	0	2026-09-18 16:18:17.385	23m 13s	23m 13s	396.2%	748.3 MB	1 GB	187.6 MB	26.9 MB
217	5e/b06a09	1348479	PHASING:EAGLE (chunk_7_0140000001_0160000000.vcf.gz)	COMPLETED	0	2026-09-18 16:29:13.886	19m 8s	19m 7s	395.7%	632 MB	845.1 MB	170.1 MB	22.6 MB
160	2d/5b51c9	1380366	PHASING:EAGLE (chunk_2_0240000001_0260000000.vcf.gz)	COMPLETED	0	2026-09-18 16:41:09.539	8m 11s	8m 9s	394.7%	369.7 MB	652.7 MB	96.2 MB	9.5 MB
310	4d/8aef95	1375630	IMPUTATION:MINIMAC4 (chunk_17_0040000001_0060000000.phased.vcf.gz)	COMPLETED	0	2026-09-18 16:39:47.498	14m 39s	14m 38s	123.8%	997.3 MB	1 GB	877.6 MB	596.5 MB
312	55/06f321	1424685	PGS_CALCULATION:CALCULATE_CHUNKS (chunk_10_0100000001_0120000000.phased.dose.vcf.gz)	COMPLETED	0	2026-09-18 16:54:26.082	51.9s	51.1s	108.2%	437.6 MB	4.6 GB	479.9 MB	680.9 KB
311	e3/5993b4	1382046	IMPUTATION:MINIMAC4 (chunk_3_0180000001_0200000000.phased.vcf.gz)	COMPLETED	0	2026-09-18 16:41:25.344	15m 39s	15m 39s	126.5%	1.1 GB	1.1 GB	915.9 MB	593.3 MB
164	c0/46e262	1407298	PHASING:EAGLE (chunk_20_0060000001_0080000000.vcf.gz)	COMPLETED	0	2026-09-18 16:48:21.899	8m 52s	8m 52s	394.9%	382.1 MB	664.3 MB	94.6 MB	10.2 MB
165	7e/7aa5bd	1412689	PHASING:EAGLE (chunk_21_0000000001_0020000000.vcf.gz)	COMPLETED	0	2026-09-18 16:49:20.131	7m 55s	7m 54s	394.3%	350.5 MB	644.8 MB	106.1 MB	8.9 MB
158	de/000b0b	1383078	PHASING:EAGLE (chunk_2_0200000001_0220000000.vcf.gz)	COMPLETED	0	2026-09-18 16:41:30.864	18m 7s	18m 6s	395.8%	638.1 MB	840 MB	170.5 MB	21.8 MB
168	9f/833636	1434922	PHASING:EAGLE (chunk_22_0000000001_0020000000.vcf.gz)	COMPLETED	0	2026-09-18 16:57:14.848	6m 5s	6m 5s	393.8%	298.9 MB	627.2 MB	90 MB	6.6 MB
163	9f/28547c	1377972	PHASING:EAGLE (chunk_20_0040000001_0060000000.vcf.gz)	COMPLETED	0	2026-09-18 16:40:34.347	24m 45s	24m 44s	396.0%	801.8 MB	1.2 GB	186.3 MB	29.2 MB
229	8d/89a350	1443209	PHASING:EAGLE (chunk_9_0060000001_0080000000.vcf.gz)	COMPLETED	0	2026-09-18 16:59:38.159	9m 28s	9m 28s	394.8%	406.8 MB	675.3 MB	116.1 MB	11.9 MB
313	3f/89bc82	1427676	IMPUTATION:MINIMAC4 (chunk_1_0160000001_0180000000.phased.vcf.gz)	COMPLETED	0	2026-09-18 16:55:18.022	15m 16s	15m 15s	123.9%	1 GB	1.1 GB	896.5 MB	579.5 MB
314	60/c48486	1432850	IMPUTATION:MINIMAC4 (chunk_10_0120000001_0140000000.phased.vcf.gz)	COMPLETED	0	2026-09-18 16:57:04.652	15m 18s	15m 17s	129.5%	1 GB	1.1 GB	861.3 MB	545 MB
316	1e/7fe077	1485362	PGS_CALCULATION:CALCULATE_CHUNKS (chunk_12_0000000001_0020000000.phased.dose.vcf.gz)	COMPLETED	0	2026-09-18 17:12:22.803	59.4s	58.6s	107.8%	453 MB	4.6 GB	626.3 MB	684.3 KB
170	22/9b47a3	1456554	PHASING:EAGLE (chunk_22_0040000001_0060000000.vcf.gz)	COMPLETED	0	2026-09-18 17:03:20.089	17m 30s	17m 29s	396.1%	610.2 MB	1.1 GB	141.3 MB	20 MB
166	6d/fee68e	1434217	PHASING:EAGLE (chunk_21_0020000001_0040000000.vcf.gz)	COMPLETED	0	2026-09-18 16:57:14.070	25m 58s	25m 57s	396.4%	797.9 MB	1 GB	203.9 MB	29.4 MB
315	b1/7524b2	1479281	IMPUTATION:MINIMAC4 (chunk_11_0040000001_0060000000.phased.vcf.gz)	COMPLETED	0	2026-09-18 17:10:33.559	16m 6s	16m 6s	117.2%	926.4 MB	965 MB	835.8 MB	824.8 MB
318	f8/214560	1518824	PGS_CALCULATION:CALCULATE_CHUNKS (chunk_14_0020000001_0040000000.phased.dose.vcf.gz)	COMPLETED	0	2026-09-18 17:26:39.868	55.5s	54.7s	108.2%	445.7 MB	4.6 GB	589.6 MB	601.4 KB
317	83/ff2dbc	1489527	IMPUTATION:MINIMAC4 (chunk_18_0020000001_0040000000.phased.vcf.gz)	COMPLETED	0	2026-09-18 17:13:22.238	14m 22s	14m 21s	124.7%	1023.7 MB	1 GB	841.4 MB	501 MB
171	ca/960d30	1463940	PHASING:EAGLE (chunk_3_0000000001_0020000000.vcf.gz)	COMPLETED	0	2026-09-18 17:05:19.297	24m 18s	24m 17s	396.3%	789.6 MB	1 GB	187.7 MB	28.1 MB
169	dd/b0539f	1474897	PHASING:EAGLE (chunk_22_0020000001_0040000000.vcf.gz)	COMPLETED	0	2026-09-18 17:09:06.347	23m 41s	23m 40s	396.6%	746.5 MB	1022.1 MB	187 MB	27 MB
172	65/b1cd2e	1506730	PHASING:EAGLE (chunk_3_0020000001_0040000000.vcf.gz)	COMPLETED	0	2026-09-18 17:20:50.299	20m 53s	20m 52s	396.1%	740.5 MB	1 GB	185.3 MB	24.9 MB
173	9d/66b639	1511666	PHASING:EAGLE (chunk_3_0040000001_0060000000.vcf.gz)	COMPLETED	0	2026-09-18 17:23:12.144	19m 6s	19m 5s	395.8%	679.5 MB	982.9 MB	172.6 MB	23.2 MB
320	e7/8007a7	1523293	IMPUTATION:MINIMAC4 (chunk_12_0060000001_0080000000.phased.vcf.gz)	COMPLETED	0	2026-09-18 17:27:44.160	15m 1s	15m	124.4%	1 GB	1.1 GB	879 MB	548.8 MB
321	f2/b4268f	1564117	PGS_CALCULATION:CALCULATE_CHUNKS (chunk_10_0040000001_0060000000.phased.dose.vcf.gz)	COMPLETED	0	2026-09-18 17:42:45.588	49.9s	49.1s	108.4%	478.2 MB	4.6 GB	574 MB	575 KB
175	6b/9a2e36	1540080	PHASING:EAGLE (chunk_3_0080000001_0100000000.vcf.gz)	COMPLETED	0	2026-09-18 17:32:46.946	11m 58s	11m 57s	394.0%	581.8 MB	676.1 MB	159.1 MB	15 MB
319	e7/04f837	1521989	IMPUTATION:MINIMAC4 (chunk_15_0080000001_0100000000.phased.vcf.gz)	COMPLETED	0	2026-09-18 17:27:35.344	17m 52s	17m 52s	129.8%	1.2 GB	1.3 GB	1 GB	627.4 MB
323	82/98e5cd	1573751	PGS_CALCULATION:CALCULATE_CHUNKS (chunk_14_0100000001_0120000000.phased.dose.vcf.gz)	COMPLETED	0	2026-09-18 17:45:27.726	28.8s	28s	111.8%	419.9 MB	4.6 GB	375.7 MB	446 KB
324	f5/c5ff7e	1576409	PGS_CALCULATION:CALCULATE_CHUNKS (chunk_11_0020000001_0040000000.phased.dose.vcf.gz)	COMPLETED	0	2026-09-18 17:45:56.495	56.9s	55.9s	107.8%	433 MB	4.6 GB	568.3 MB	447.5 KB
174	ab/0ea27e	1529768	PHASING:EAGLE (chunk_3_0060000001_0080000000.vcf.gz)	COMPLETED	0	2026-09-18 17:29:36.925	21m 36s	21m 35s	396.1%	749.7 MB	1013.4 MB	188.5 MB	25.9 MB
322	cc/e6f58f	1567060	IMPUTATION:MINIMAC4 (chunk_11_0100000001_0120000000.phased.vcf.gz)	COMPLETED	0	2026-09-18 17:43:35.530	15m 30s	15m 30s	125.1%	1.1 GB	1.1 GB	920 MB	546.3 MB
176	e6/3763cb	1560164	PHASING:EAGLE (chunk_3_0100000001_0120000000.vcf.gz)	COMPLETED	0	2026-09-18 17:41:43.491	17m 48s	17m 47s	395.7%	638.5 MB	904.4 MB	178 MB	21.7 MB
325	ed/34af1f	1580695	IMPUTATION:MINIMAC4 (chunk_12_0120000001_0140000000.phased.vcf.gz)	COMPLETED	0	2026-09-18 17:46:53.440	13m 43s	13m 41s	127.4%	917.6 MB	955.7 MB	789.5 MB	544.2 MB
177	40/7ecad0	1562197	PHASING:EAGLE (chunk_3_0120000001_0140000000.vcf.gz)	COMPLETED	0	2026-09-18 17:42:17.683	18m 53s	18m 52s	395.7%	662.2 MB	893.8 MB	177.3 MB	22.9 MB
178	d9/468c78	1570686	PHASING:EAGLE (chunk_3_0140000001_0160000000.vcf.gz)	COMPLETED	0	2026-09-18 17:44:44.788	16m 38s	16m 37s	395.1%	622.7 MB	826.8 MB	173.9 MB	20.3 MB
326	a5/06fe76	1612612	IMPUTATION:MINIMAC4 (chunk_15_0100000001_0120000000.phased.vcf.gz)	COMPLETED	0	2026-09-18 17:59:05.762	2m 59s	2m 59s	130.2%	217.2 MB	255 MB	188.2 MB	116.4 MB
179	c9/16db29	1596275	PHASING:EAGLE (chunk_3_0160000001_0180000000.vcf.gz)	COMPLETED	0	2026-09-18 17:51:12.517	17m 2s	17m 1s	395.2%	622.7 MB	1.2 GB	175.7 MB	20.9 MB
183	85/9ff0af	1621937	PHASING:EAGLE (chunk_4_0040000001_0060000000.vcf.gz)	COMPLETED	0	2026-09-18 18:01:22.445	16m 41s	16m 40s	395.3%	611.5 MB	950.1 MB	175.1 MB	20.4 MB
328	c6/bbd3a1	1625441	IMPUTATION:MINIMAC4 (chunk_16_0060000001_0080000000.phased.vcf.gz)	COMPLETED	0	2026-09-18 18:02:05.012	17m 10s	17m 10s	125.7%	1.2 GB	1.2 GB	1 GB	623 MB
329	6b/cf1d8b	1668560	PGS_CALCULATION:CALCULATE_CHUNKS (chunk_12_0040000001_0060000000.phased.dose.vcf.gz)	COMPLETED	0	2026-09-18 18:19:15.416	51.1s	50.2s	107.7%	434.4 MB	4.6 GB	465.1 MB	580.5 KB
181	41/e89592	1614429	PHASING:EAGLE (chunk_4_0000000001_0020000000.vcf.gz)	COMPLETED	0	2026-09-18 17:59:31.403	21m	20m 59s	396.2%	681.5 MB	1.1 GB	185.3 MB	24.9 MB
330	2c/0c8db4	1671071	PGS_CALCULATION:CALCULATE_CHUNKS (chunk_18_0060000001_0080000000.phased.dose.vcf.gz)	COMPLETED	0	2026-09-18 18:20:06.487	56.2s	55.4s	108.8%	521.4 MB	4.6 GB	552.5 MB	522.9 KB
327	3c/b0f090	1617949	IMPUTATION:MINIMAC4 (chunk_10_0000000001_0020000000.phased.vcf.gz)	COMPLETED	0	2026-09-18 18:00:36.218	20m 41s	20m 40s	128.1%	1.4 GB	1.4 GB	1.2 GB	777.4 MB
182	e8/105936	1620330	PHASING:EAGLE (chunk_4_0020000001_0040000000.vcf.gz)	COMPLETED	0	2026-09-18 18:01:10.712	21m 3s	21m 2s	395.6%	694.4 MB	1.1 GB	193.1 MB	25.2 MB
186	bf/6af2af	1647196	PHASING:EAGLE (chunk_4_0100000001_0120000000.vcf.gz)	COMPLETED	0	2026-09-18 18:08:14.026	16m 20s	16m 20s	395.1%	617.2 MB	825.7 MB	175.1 MB	20 MB
331	a9/96e4ba	1675114	IMPUTATION:MINIMAC4 (chunk_17_0020000001_0040000000.phased.vcf.gz)	COMPLETED	0	2026-09-18 18:21:02.700	13m 31s	13m 31s	121.0%	878.2 MB	917.2 MB	807.7 MB	625.2 MB
185	3c/cd73b0	1665878	PHASING:EAGLE (chunk_4_0080000001_0100000000.vcf.gz)	COMPLETED	0	2026-09-18 18:18:03.429	17m 6s	17m 5s	395.4%	624 MB	829.2 MB	176.4 MB	20.7 MB
332	58/c563da	1676736	IMPUTATION:MINIMAC4 (chunk_11_0080000001_0100000000.phased.vcf.gz)	COMPLETED	0	2026-09-18 18:21:16.970	16m 32s	16m 31s	126.4%	1.1 GB	1.2 GB	938.2 MB	567 MB
334	01/f7e6b4	1724694	PGS_CALCULATION:CALCULATE_CHUNKS (chunk_13_0080000001_0100000000.phased.dose.vcf.gz)	COMPLETED	0	2026-09-18 18:37:49.017	53.7s	52.7s	107.5%	502.1 MB	4.6 GB	495.3 MB	450.1 KB
184	38/551b9f	1672843	PHASING:EAGLE (chunk_4_0060000001_0080000000.vcf.gz)	COMPLETED	0	2026-09-18 18:20:31.367	18m 19s	18m 18s	396.0%	666.5 MB	880.7 MB	188.7 MB	21.9 MB
188	1d/10b2f4	1680392	PHASING:EAGLE (chunk_4_0140000001_0160000000.vcf.gz)	COMPLETED	0	2026-09-18 18:22:13.381	17m 33s	17m 32s	395.5%	643.9 MB	1.2 GB	176.1 MB	21.2 MB
187	d2/7e501b	1689336	PHASING:EAGLE (chunk_4_0120000001_0140000000.vcf.gz)	COMPLETED	0	2026-09-18 18:24:34.401	16m 56s	16m 55s	395.4%	615.8 MB	828.2 MB	179.1 MB	20.2 MB
333	56/31f926	1717194	IMPUTATION:MINIMAC4 (chunk_16_0080000001_0100000000.phased.vcf.gz)	COMPLETED	0	2026-09-18 18:34:34.059	14m 22s	14m 22s	132.3%	1022.7 MB	1 GB	860.4 MB	479.9 MB
336	5c/b193e8	1763989	PGS_CALCULATION:CALCULATE_CHUNKS (chunk_1_0060000001_0080000000.phased.dose.vcf.gz)	COMPLETED	0	2026-09-18 18:48:56.491	52.7s	51.8s	108.0%	450.1 MB	4.6 GB	516.3 MB	537.7 KB
190	16/9a3ceb	1718898	PHASING:EAGLE (chunk_4_0180000001_0200000000.vcf.gz)	COMPLETED	0	2026-09-18 18:35:09.249	16m 18s	16m 17s	396.3%	567 MB	721.3 MB	143.3 MB	18.9 MB
335	92/3dde02	1727798	IMPUTATION:MINIMAC4 (chunk_12_0080000001_0100000000.phased.vcf.gz)	COMPLETED	0	2026-09-18 18:38:42.749	14m 31s	14m 30s	122.7%	1016.7 MB	1 GB	852.7 MB	552 MB
192	2f/6b1002	1732845	PHASING:EAGLE (chunk_5_0020000001_0040000000.vcf.gz)	COMPLETED	0	2026-09-18 18:39:46.030	17m 36s	17m 35s	395.6%	624.2 MB	829.4 MB	182.3 MB	21.4 MB
191	7f/d7b514	1728989	PHASING:EAGLE (chunk_5_0000000001_0020000000.vcf.gz)	COMPLETED	0	2026-09-18 18:38:49.922	19m 59s	19m 58s	396.3%	656.4 MB	893.4 MB	176.1 MB	23.2 MB
189	a1/7b98d4	1739635	PHASING:EAGLE (chunk_4_0160000001_0180000000.vcf.gz)	COMPLETED	0	2026-09-18 18:41:29.980	21m 58s	21m 57s	396.2%	716 MB	1020.2 MB	195.7 MB	26.3 MB
337	28/7acf00	1766904	IMPUTATION:MINIMAC4 (chunk_12_0020000001_0040000000.phased.vcf.gz)	COMPLETED	0	2026-09-18 18:49:49.199	15m 34s	15m 33s	122.6%	1012.8 MB	1 GB	870.5 MB	646.6 MB
339	82/64613b	1808477	PGS_CALCULATION:CALCULATE_CHUNKS (chunk_16_0020000001_0040000000.phased.dose.vcf.gz)	COMPLETED	0	2026-09-18 19:05:22.827	39s	38.2s	108.8%	493.9 MB	4.6 GB	420.9 MB	450.9 KB
340	3c/f9a5d0	1811472	PGS_CALCULATION:CALCULATE_CHUNKS (chunk_13_0000000001_0020000000.phased.dose.vcf.gz)	COMPLETED	0	2026-09-18 19:06:01.827	7.1s	6.3s	147.4%	332.4 MB	4.6 GB	113.8 MB	367.5 KB
338	d2/86b2b4	1774641	IMPUTATION:MINIMAC4 (chunk_5_0120000001_0140000000.phased.vcf.gz)	COMPLETED	0	2026-09-18 18:53:13.464	14m 20s	14m 20s	124.5%	1 GB	1 GB	842.9 MB	496.4 MB
342	03/d9f1ee	1817301	PGS_CALCULATION:CALCULATE_CHUNKS (chunk_13_0020000001_0040000000.phased.dose.vcf.gz)	COMPLETED	0	2026-09-18 19:07:33.684	59.7s	58.9s	108.5%	476.8 MB	4.6 GB	600.9 MB	569.8 KB
194	ee/2dbce2	1770492	PHASING:EAGLE (chunk_5_0060000001_0080000000.vcf.gz)	COMPLETED	0	2026-09-18 18:51:27.238	17m 50s	17m 49s	395.7%	625.1 MB	829.1 MB	170.4 MB	21.6 MB
193	6b/7a2a25	1785217	PHASING:EAGLE (chunk_5_0040000001_0060000000.vcf.gz)	COMPLETED	0	2026-09-18 18:57:21.824	14m 1s	14m 1s	394.8%	580.4 MB	1.1 GB	160.5 MB	17.5 MB
195	cc/56a530	1790371	PHASING:EAGLE (chunk_5_0080000001_0100000000.vcf.gz)	COMPLETED	0	2026-09-18 18:58:48.597	15m 41s	15m 40s	395.2%	608.2 MB	815.5 MB	168.3 MB	19.5 MB
200	5d/7ce1e5	1841433	PHASING:EAGLE (chunk_5_0180000001_0200000000.vcf.gz)	COMPLETED	0	2026-09-18 19:14:29.394	4m 38s	4m 37s	392.6%	267.1 MB	479 MB	78.6 MB	5.5 MB
196	91/844619	1803054	PHASING:EAGLE (chunk_5_0100000001_0120000000.vcf.gz)	COMPLETED	0	2026-09-18 19:03:28.015	18m 18s	18m 17s	395.3%	658 MB	916.4 MB	185.8 MB	22.4 MB
343	7a/3698cf	1821055	IMPUTATION:MINIMAC4 (chunk_15_0040000001_0060000000.phased.vcf.gz)	COMPLETED	0	2026-09-18 19:08:33.412	15m 44s	15m 43s	124.4%	1.1 GB	1.1 GB	946.7 MB	597.7 MB
344	05/2f6792	1865922	IMPUTATION:MINIMAC4 (chunk_17_0080000001_0100000000.phased.vcf.gz)	COMPLETED	0	2026-09-18 19:24:17.170	1m 17s	1m 16s	119.0%	119.3 MB	139.9 MB	99 MB	62.8 MB
198	67/3235d6	1823643	PHASING:EAGLE (chunk_5_0140000001_0160000000.vcf.gz)	COMPLETED	0	2026-09-18 19:09:16.850	18m 12s	18m 12s	395.3%	639 MB	846.6 MB	174.5 MB	22.3 MB
341	92/8f687f	1812594	IMPUTATION:MINIMAC4 (chunk_16_0000000001_0020000000.phased.vcf.gz)	COMPLETED	0	2026-09-18 19:06:08.939	22m 24s	22m 23s	126.3%	1.5 GB	1.5 GB	1.3 GB	893.8 MB
346	1f/c2c9e3	1879306	PGS_CALCULATION:CALCULATE_CHUNKS (chunk_21_0040000001_0060000000.phased.dose.vcf.gz)	COMPLETED	0	2026-09-18 19:28:32.455	27.6s	26.8s	113.2%	454.9 MB	4.7 GB	274.4 MB	450.6 KB
199	0b/7d79ec	1830720	PHASING:EAGLE (chunk_5_0160000001_0180000000.vcf.gz)	COMPLETED	0	2026-09-18 19:11:23.156	20m 22s	20m 22s	396.1%	674.3 MB	930.3 MB	171.2 MB	24 MB
345	97/bc32ba	1869834	IMPUTATION:MINIMAC4 (chunk_18_0000000001_0020000000.phased.vcf.gz)	COMPLETED	0	2026-09-18 19:25:33.904	16m 48s	16m 47s	125.8%	1.1 GB	1.1 GB	945.3 MB	716 MB
203	60/fdc026	1875217	PHASING:EAGLE (chunk_6_0040000001_0060000000.vcf.gz)	COMPLETED	0	2026-09-18 19:27:29.264	15m 41s	15m 40s	395.3%	608.2 MB	816.8 MB	167 MB	19.5 MB
348	21/7c09ab	1911443	PGS_CALCULATION:CALCULATE_CHUNKS (chunk_17_0000000001_0020000000.phased.dose.vcf.gz)	COMPLETED	0	2026-09-18 19:42:21.927	1m	59.6s	108.2%	504.5 MB	4.6 GB	622.4 MB	619.1 KB
347	7f/e3ca18	1881615	IMPUTATION:MINIMAC4 (chunk_18_0040000001_0060000000.phased.vcf.gz)	COMPLETED	0	2026-09-18 19:29:00.051	15m 34s	15m 34s	124.6%	1.1 GB	1.1 GB	924 MB	560 MB
201	e8/ab685a	1860532	PHASING:EAGLE (chunk_6_0000000001_0020000000.vcf.gz)	COMPLETED	0	2026-09-18 19:21:45.617	22m 51s	22m 51s	396.3%	738.1 MB	1010.5 MB	180.8 MB	26.4 MB
204	81/09903e	1890186	PHASING:EAGLE (chunk_6_0060000001_0080000000.vcf.gz)	COMPLETED	0	2026-09-18 19:31:45.485	13m 9s	13m 8s	394.4%	588.2 MB	796.2 MB	167.4 MB	16.4 MB
350	4f/5fb44d	1918039	PGS_CALCULATION:CALCULATE_CHUNKS (chunk_15_0060000001_0080000000.phased.dose.vcf.gz)	COMPLETED	0	2026-09-18 19:44:34.204	51.7s	50.9s	108.3%	480.6 MB	4.6 GB	486.8 MB	584 KB
202	b8/d9b772	1855313	PHASING:EAGLE (chunk_6_0020000001_0040000000.vcf.gz)	COMPLETED	0	2026-09-18 19:19:07.171	26m 19s	26m 18s	396.5%	914.2 MB	1.2 GB	222.9 MB	32.5 MB
206	d5/2b2aa7	1913502	PHASING:EAGLE (chunk_6_0100000001_0120000000.vcf.gz)	COMPLETED	0	2026-09-18 19:43:10.250	16m 34s	16m 34s	395.4%	602.3 MB	816.1 MB	172.5 MB	20.2 MB
349	66/93102e	1914923	IMPUTATION:MINIMAC4 (chunk_1_0220000001_0240000000.phased.vcf.gz)	COMPLETED	0	2026-09-18 19:43:22.383	16m 36s	16m 35s	126.4%	1.1 GB	1.2 GB	971 MB	608.2 MB
205	f4/cdc35f	1918827	PHASING:EAGLE (chunk_6_0080000001_0100000000.vcf.gz)	COMPLETED	0	2026-09-18 19:44:37.036	16m 12s	16m 11s	395.2%	625.1 MB	826.1 MB	176.8 MB	19.9 MB
351	78/e65337	1923780	IMPUTATION:MINIMAC4 (chunk_11_0060000001_0080000000.phased.vcf.gz)	COMPLETED	0	2026-09-18 19:45:25.963	15m 54s	15m 53s	125.6%	1.1 GB	1.1 GB	936.2 MB	584.2 MB
207	94/b58547	1920921	PHASING:EAGLE (chunk_6_0120000001_0140000000.vcf.gz)	COMPLETED	0	2026-09-18 19:44:54.048	16m 48s	16m 47s	395.5%	609.8 MB	823.4 MB	171.8 MB	20.8 MB
353	9b/8315cf	1968561	PGS_CALCULATION:CALCULATE_CHUNKS (chunk_1_0080000001_0100000000.phased.dose.vcf.gz)	COMPLETED	0	2026-09-18 20:01:19.619	52s	51.3s	107.7%	433.2 MB	4.6 GB	493.9 MB	570.9 KB
208	1f/45f736	1924050	PHASING:EAGLE (chunk_6_0140000001_0160000000.vcf.gz)	COMPLETED	0	2026-09-18 19:45:26.288	22m 27s	22m 27s	395.8%	740.7 MB	1017 MB	189.6 MB	26.6 MB
212	21/61ffe2	1962558	PHASING:EAGLE (chunk_7_0040000001_0060000000.vcf.gz)	COMPLETED	0	2026-09-18 19:59:44.608	16m 1s	16m	395.1%	592.8 MB	1.1 GB	172 MB	19.3 MB
354	f7/3b04ee	1973497	IMPUTATION:MINIMAC4 (chunk_14_0080000001_0100000000.phased.vcf.gz)	COMPLETED	0	2026-09-18 20:02:11.647	16m 55s	16m 54s	126.7%	1.2 GB	1.2 GB	988.9 MB	608.6 MB
352	1a/0b6ebb	1963975	IMPUTATION:MINIMAC4 (chunk_19_0000000001_0020000000.phased.vcf.gz)	COMPLETED	0	2026-09-18 19:59:58.142	19m 34s	19m 34s	125.2%	1.3 GB	1.3 GB	1.2 GB	827.6 MB
356	11/ce3d76	2018611	PGS_CALCULATION:CALCULATE_CHUNKS (chunk_10_0080000001_0100000000.phased.dose.vcf.gz)	COMPLETED	0	2026-09-18 20:19:32.630	52.6s	51.8s	109.1%	477.4 MB	4.6 GB	515.3 MB	612.9 KB
213	06/2f4f17	1993569	PHASING:EAGLE (chunk_7_0060000001_0080000000.vcf.gz)	COMPLETED	0	2026-09-18 20:07:53.466	13m 3s	13m 2s	394.3%	524.8 MB	709.4 MB	160.9 MB	15.7 MB
210	80/a5513b	1966380	PHASING:EAGLE (chunk_7_0000000001_0020000000.vcf.gz)	COMPLETED	0	2026-09-18 20:00:49.158	24m 50s	24m 49s	396.3%	822.7 MB	1 GB	199.2 MB	28.9 MB
211	ab/e3c723	1970758	PHASING:EAGLE (chunk_7_0020000001_0040000000.vcf.gz)	COMPLETED	0	2026-09-18 20:01:41.914	24m 23s	24m 22s	396.3%	805.8 MB	1 GB	194.5 MB	28.6 MB
215	4c/1e0caa	2010802	PHASING:EAGLE (chunk_7_0100000001_0120000000.vcf.gz)	COMPLETED	0	2026-09-18 20:15:45.602	15m 16s	15m 15s	395.1%	592.7 MB	744.9 MB	164.6 MB	18.8 MB
357	97/a3badb	2021754	IMPUTATION:MINIMAC4 (chunk_2_0080000001_0100000000.phased.vcf.gz)	COMPLETED	0	2026-09-18 20:20:25.225	12m 11s	12m 11s	118.8%	713.4 MB	751.3 MB	685.8 MB	583.1 MB
355	e8/19844d	2016786	IMPUTATION:MINIMAC4 (chunk_19_0020000001_0040000000.phased.vcf.gz)	COMPLETED	0	2026-09-18 20:19:06.864	16m 8s	16m 7s	119.6%	990.4 MB	1 GB	900.3 MB	768.8 MB
359	41/f6e64e	2068863	PGS_CALCULATION:CALCULATE_CHUNKS (chunk_15_0020000001_0040000000.phased.dose.vcf.gz)	COMPLETED	0	2026-09-18 20:35:14.937	55.3s	54.5s	107.3%	503.5 MB	4.6 GB	638.8 MB	493.3 KB
216	93/e721a6	2024031	PHASING:EAGLE (chunk_7_0120000001_0140000000.vcf.gz)	COMPLETED	0	2026-09-18 20:20:56.837	16m 21s	16m 20s	395.1%	619.3 MB	951.4 MB	166.9 MB	19.8 MB
214	10/e9f6b4	2038060	PHASING:EAGLE (chunk_7_0080000001_0100000000.vcf.gz)	COMPLETED	0	2026-09-18 20:25:39.243	17m 6s	17m 5s	395.5%	616.8 MB	824.7 MB	173.1 MB	20.7 MB
209	86/59fca9	2055760	PHASING:EAGLE (chunk_6_0160000001_0180000000.vcf.gz)	COMPLETED	0	2026-09-18 20:31:01.284	14m 55s	14m 54s	395.7%	551.7 MB	743.4 MB	137.3 MB	17.4 MB
358	8a/2e3f67	2060483	IMPUTATION:MINIMAC4 (chunk_19_0040000001_0060000000.phased.vcf.gz)	COMPLETED	0	2026-09-18 20:32:36.494	19m 28s	19m 28s	124.5%	1.3 GB	1.3 GB	1.1 GB	852.6 MB
360	c8/735543	2072236	IMPUTATION:MINIMAC4 (chunk_2_0000000001_0020000000.phased.vcf.gz)	COMPLETED	0	2026-09-18 20:36:10.209	18m 16s	18m 16s	127.3%	1.2 GB	1.3 GB	1 GB	683.7 MB
362	23/cc7562	2116925	PGS_CALCULATION:CALCULATE_CHUNKS (chunk_1_0020000001_0040000000.phased.dose.vcf.gz)	COMPLETED	0	2026-09-18 20:54:26.546	51.4s	50.5s	107.8%	411.2 MB	4.6 GB	482.9 MB	555.4 KB
218	60/a9b4f3	2040312	PHASING:EAGLE (chunk_8_0000000001_0020000000.vcf.gz)	COMPLETED	0	2026-09-18 20:26:04.854	31m 35s	31m 34s	396.6%	1020.3 MB	1.4 GB	231.7 MB	37.2 MB
219	df/0e4a03	2075837	PHASING:EAGLE (chunk_8_0020000001_0040000000.vcf.gz)	COMPLETED	0	2026-09-18 20:37:17.428	22m 8s	22m 7s	396.0%	758.8 MB	1017.9 MB	189.4 MB	26.4 MB
221	d4/2d136f	2090657	PHASING:EAGLE (chunk_8_0060000001_0080000000.vcf.gz)	COMPLETED	0	2026-09-18 20:42:44.877	17m 2s	17m 1s	395.3%	628.2 MB	1.1 GB	174.2 MB	21 MB
225	33/deb99e	2125181	PHASING:EAGLE (chunk_8_0140000001_0160000000.vcf.gz)	COMPLETED	0	2026-09-18 20:57:39.986	9m 48s	9m 47s	395.2%	421.5 MB	671.8 MB	107.8 MB	11.2 MB
361	a3/0d7023	2111629	IMPUTATION:MINIMAC4 (chunk_2_0120000001_0140000000.phased.vcf.gz)	COMPLETED	0	2026-09-18 20:52:04.709	16m 35s	16m 35s	122.3%	1.1 GB	1.1 GB	948.8 MB	691.6 MB
364	9a/d53b52	2158239	PGS_CALCULATION:CALCULATE_CHUNKS (chunk_1_0180000001_0200000000.phased.dose.vcf.gz)	COMPLETED	0	2026-09-18 21:08:39.920	53.4s	52.5s	108.2%	451.8 MB	4.6 GB	535.6 MB	600.6 KB
363	fd/a4ffc2	2120018	IMPUTATION:MINIMAC4 (chunk_2_0100000001_0120000000.phased.vcf.gz)	COMPLETED	0	2026-09-18 20:55:17.989	14m 38s	14m 36s	123.6%	1021.6 MB	1 GB	858.6 MB	549.3 MB
224	bf/e374cd	2098795	PHASING:EAGLE (chunk_8_0120000001_0140000000.vcf.gz)	COMPLETED	0	2026-09-18 20:45:56.400	24m 14s	24m 13s	396.2%	768.6 MB	1 GB	195.1 MB	27.9 MB
366	9c/99cb95	2162984	PGS_CALCULATION:CALCULATE_CHUNKS (chunk_1_0040000001_0060000000.phased.dose.vcf.gz)	COMPLETED	0	2026-09-18 21:09:55.532	49.5s	48.7s	109.2%	481.9 MB	4.6 GB	447.7 MB	612.8 KB
228	af/8054f5	2164597	PHASING:EAGLE (chunk_9_0040000001_0060000000.vcf.gz)	COMPLETED	0	2026-09-18 21:10:10.354	2m 35s	2m 34s	387.8%	353.6 MB	484.9 MB	72 MB	3.3 MB
222	10/293bc4	2132377	PHASING:EAGLE (chunk_8_0080000001_0100000000.vcf.gz)	COMPLETED	0	2026-09-18 20:59:46.831	15m 46s	15m 45s	395.3%	606.4 MB	815.6 MB	167.4 MB	19.4 MB
220	c6/6f7f6b	2154410	PHASING:EAGLE (chunk_8_0040000001_0060000000.vcf.gz)	COMPLETED	0	2026-09-18 21:07:28.035	12m 56s	12m 55s	394.3%	554.8 MB	728.1 MB	154.9 MB	16.2 MB
367	7b/1b40ae	2167274	IMPUTATION:MINIMAC4 (chunk_2_0140000001_0160000000.phased.vcf.gz)	COMPLETED	0	2026-09-18 21:10:45.026	13m 54s	13m 54s	123.9%	990.8 MB	1 GB	822.2 MB	495.1 MB
226	0b/265ac6	2130301	PHASING:EAGLE (chunk_9_0000000001_0020000000.vcf.gz)	COMPLETED	0	2026-09-18 20:59:25.211	26m 10s	26m 9s	396.6%	864.2 MB	1.2 GB	198.6 MB	30.1 MB
365	87/53fd52	2161306	IMPUTATION:MINIMAC4 (chunk_2_0040000001_0060000000.phased.vcf.gz)	COMPLETED	0	2026-09-18 21:09:33.371	17m 29s	17m 28s	126.7%	1.3 GB	1.3 GB	1 GB	571.8 MB
369	ee/b61314	2214326	PGS_CALCULATION:CALCULATE_CHUNKS (chunk_13_0100000001_0120000000.phased.dose.vcf.gz)	COMPLETED	0	2026-09-18 21:27:02.664	45.1s	44.3s	109.9%	482.8 MB	4.7 GB	463.6 MB	511.6 KB
223	af/568231	2173940	PHASING:EAGLE (chunk_8_0100000001_0120000000.vcf.gz)	COMPLETED	0	2026-09-18 21:12:45.093	17m 19s	17m 19s	395.8%	624.3 MB	828 MB	171.8 MB	20.9 MB
233	e8/ba7ef7	2209933	PHASING:EAGLE (chunk_9_0140000001_0160000000.vcf.gz)	COMPLETED	0	2026-09-18 21:25:35.056	6m 25s	6m 24s	393.8%	309.2 MB	632 MB	84.7 MB	7.5 MB
227	4b/128fa7	2182885	PHASING:EAGLE (chunk_9_0020000001_0040000000.vcf.gz)	COMPLETED	0	2026-09-18 21:15:32.793	17m 53s	17m 52s	395.5%	627.7 MB	829.7 MB	173.2 MB	21.9 MB
371	1c/67eb36	2236288	PGS_CALCULATION:CALCULATE_CHUNKS (chunk_1_0120000001_0140000000.phased.dose.vcf.gz)	COMPLETED	0	2026-09-18 21:33:25.902	5.6s	4.8s	158.4%	316.4 MB	4.6 GB	75.1 MB	380.9 KB
373	84/7fa17a	2238062	PGS_CALCULATION:CALCULATE_CHUNKS (chunk_11_0120000001_0140000000.phased.dose.vcf.gz)	COMPLETED	0	2026-09-18 21:33:31.506	42.5s	41.8s	108.4%	538.2 MB	4.6 GB	395.2 MB	534 KB
374	65/9a9b31	2242311	PGS_CALCULATION:CALCULATE_CHUNKS (chunk_1_0140000001_0160000000.phased.dose.vcf.gz)	COMPLETED	0	2026-09-18 21:34:14.033	40.3s	39.5s	109.1%	443.7 MB	4.6 GB	444 MB	558.1 KB
232	e5/8540b0	2197525	PHASING:EAGLE (chunk_9_0120000001_0140000000.vcf.gz)	COMPLETED	0	2026-09-18 21:20:24.278	19m 59s	19m 58s	395.7%	660 MB	857.2 MB	169.2 MB	24 MB
377	b3/a3cd97	2263504	PGS_CALCULATION:CALCULATE_CHUNKS (chunk_1_0240000001_0260000000.phased.dose.vcf.gz)	COMPLETED	0	2026-09-18 21:40:23.175	30s	29s	111.6%	413.9 MB	4.6 GB	363.3 MB	416.7 KB
368	43/a70fc4	2207035	IMPUTATION:MINIMAC4 (chunk_2_0020000001_0040000000.phased.vcf.gz)	COMPLETED	0	2026-09-18 21:24:39.231	16m 41s	16m 40s	126.2%	1.2 GB	1.2 GB	1003.4 MB	580.7 MB
370	c6/b26386	2217514	IMPUTATION:MINIMAC4 (chunk_2_0160000001_0180000000.phased.vcf.gz)	COMPLETED	0	2026-09-18 21:27:47.724	14m 27s	14m 27s	124.2%	1 GB	1.1 GB	864.9 MB	518.2 MB
380	6a/cf41f9	2274144	IMPUTATION:MINIMAC4 (chunk_2_0240000001_0260000000.phased.vcf.gz)	COMPLETED	0	2026-09-18 21:42:15.046	3m 9s	3m 8s	128.1%	241.7 MB	279.6 MB	210.1 MB	119.6 MB
381	8f/2fabd3	2286321	PGS_CALCULATION:CALCULATE_CHUNKS (chunk_17_0040000001_0060000000.phased.dose.vcf.gz)	COMPLETED	0	2026-09-18 21:45:24.148	48.7s	47.9s	107.9%	435 MB	4.6 GB	507.4 MB	562.1 KB
382	c0/1d835f	2289739	PGS_CALCULATION:CALCULATE_CHUNKS (chunk_3_0180000001_0200000000.phased.dose.vcf.gz)	COMPLETED	0	2026-09-18 21:46:12.823	52s	51.2s	107.0%	455.2 MB	4.6 GB	499.1 MB	541.2 KB
372	32/c931ad	2236291	IMPUTATION:MINIMAC4 (chunk_2_0180000001_0200000000.phased.vcf.gz)	COMPLETED	0	2026-09-18 21:33:25.907	13m 51s	13m 50s	121.3%	959.5 MB	998.6 MB	802.8 MB	540.5 MB
383	3c/b4a2e5	2293649	IMPUTATION:MINIMAC4 (chunk_20_0060000001_0080000000.phased.vcf.gz)	COMPLETED	0	2026-09-18 21:47:04.791	3m 16s	3m 15s	131.4%	245.3 MB	284 MB	209.8 MB	117.5 MB
230	83/912bf8	2224862	PHASING:EAGLE (chunk_9_0080000001_0100000000.vcf.gz)	COMPLETED	0	2026-09-18 21:30:04.489	20m 21s	20m 20s	396.1%	688.5 MB	998.1 MB	181.4 MB	24.4 MB
375	d4/044870	2245707	IMPUTATION:MINIMAC4 (chunk_20_0000000001_0020000000.phased.vcf.gz)	COMPLETED	0	2026-09-18 21:34:54.378	17m 49s	17m 48s	129.3%	1.2 GB	1.2 GB	996.5 MB	645.8 MB
376	b1/02378d	2263503	IMPUTATION:MINIMAC4 (chunk_20_0020000001_0040000000.phased.vcf.gz)	COMPLETED	0	2026-09-18 21:40:23.169	12m 33s	12m 32s	121.2%	858.9 MB	898 MB	754.3 MB	543.2 MB
231	43/2a607a	2231197	PHASING:EAGLE (chunk_9_0100000001_0120000000.vcf.gz)	COMPLETED	0	2026-09-18 21:32:00.074	21m 11s	21m 10s	396.2%	735 MB	1.1 GB	184.6 MB	25.6 MB
389	77/dc4fc4	2319200	PGS_CALCULATION:CALCULATE_CHUNKS (chunk_1_0160000001_0180000000.phased.dose.vcf.gz)	COMPLETED	0	2026-09-18 21:52:55.920	51.7s	50.9s	109.0%	471.3 MB	4.6 GB	512.7 MB	444.6 KB
390	17/f4674d	2321301	PGS_CALCULATION:CALCULATE_CHUNKS (chunk_10_0120000001_0140000000.phased.dose.vcf.gz)	COMPLETED	0	2026-09-18 21:53:10.596	47s	46.1s	109.9%	469.3 MB	4.6 GB	468 MB	525.5 KB
393	c0/ccacd3	2326430	PGS_CALCULATION:CALCULATE_CHUNKS (chunk_11_0040000001_0060000000.phased.dose.vcf.gz)	COMPLETED	0	2026-09-18 21:53:47.583	53.6s	52.8s	107.3%	470 MB	4.6 GB	698.3 MB	475.2 KB
394	f8/f0fa3a	2328469	PGS_CALCULATION:CALCULATE_CHUNKS (chunk_18_0020000001_0040000000.phased.dose.vcf.gz)	COMPLETED	0	2026-09-18 21:53:57.590	48.5s	47.8s	108.7%	535.3 MB	4.7 GB	440.7 MB	463 KB
384	13/6e4067	2295162	IMPUTATION:MINIMAC4 (chunk_21_0000000001_0020000000.phased.vcf.gz)	COMPLETED	0	2026-09-18 21:47:17.197	7m 39s	7m 38s	120.4%	409.9 MB	447.6 MB	416 MB	345.2 MB
386	37/846806	2307878	IMPUTATION:MINIMAC4 (chunk_22_0000000001_0020000000.phased.vcf.gz)	COMPLETED	0	2026-09-18 21:50:25.180	5m 3s	5m 2s	120.8%	245.6 MB	279.5 MB	267 MB	308.2 MB
399	94/850632	2333525	PGS_CALCULATION:CALCULATE_CHUNKS (chunk_12_0060000001_0080000000.phased.dose.vcf.gz)	COMPLETED	0	2026-09-18 21:54:41.206	51.2s	50.3s	108.0%	520.4 MB	4.6 GB	478.8 MB	540.4 KB
401	97/031004	2334799	PGS_CALCULATION:CALCULATE_CHUNKS (chunk_15_0080000001_0100000000.phased.dose.vcf.gz)	COMPLETED	0	2026-09-18 21:54:46.145	55.7s	54.9s	107.7%	452.2 MB	4.6 GB	522.3 MB	446 KB
405	af/f6655a	2344132	PGS_CALCULATION:CALCULATE_CHUNKS (chunk_12_0120000001_0140000000.phased.dose.vcf.gz)	COMPLETED	0	2026-09-18 21:55:41.866	42.7s	41.9s	109.7%	444.5 MB	4.6 GB	455.4 MB	559.1 KB
403	64/51a640	2342044	PGS_CALCULATION:CALCULATE_CHUNKS (chunk_11_0100000001_0120000000.phased.dose.vcf.gz)	COMPLETED	0	2026-09-18 21:55:32.393	53.1s	52.3s	108.1%	428.9 MB	4.6 GB	487.8 MB	645.1 KB
408	c3/eaf010	2349215	PGS_CALCULATION:CALCULATE_CHUNKS (chunk_15_0100000001_0120000000.phased.dose.vcf.gz)	COMPLETED	0	2026-09-18 21:56:24.528	10.2s	9.5s	135.3%	443.8 MB	4.6 GB	101.5 MB	445.1 KB
411	2b/845d15	2350004	PGS_CALCULATION:CALCULATE_CHUNKS (chunk_16_0060000001_0080000000.phased.dose.vcf.gz)	COMPLETED	0	2026-09-18 21:56:25.508	56.8s	56s	109.1%	460.4 MB	4.6 GB	534.4 MB	581.4 KB
413	ea/aec434	2351972	PGS_CALCULATION:CALCULATE_CHUNKS (chunk_10_0000000001_0020000000.phased.dose.vcf.gz)	COMPLETED	0	2026-09-18 21:56:34.765	1m 4s	1m 3s	107.1%	457.5 MB	4.6 GB	665.3 MB	490.1 KB
378	1a/4a54d3	2267177	IMPUTATION:MINIMAC4 (chunk_2_0220000001_0240000000.phased.vcf.gz)	COMPLETED	0	2026-09-18 21:40:53.154	17m 10s	17m 9s	126.7%	1.2 GB	1.2 GB	1019.8 MB	637.4 MB
416	53/662645	2357385	PGS_CALCULATION:CALCULATE_CHUNKS (chunk_17_0020000001_0040000000.phased.dose.vcf.gz)	COMPLETED	0	2026-09-18 21:57:22.266	44.1s	43.3s	109.8%	454 MB	4.6 GB	508.5 MB	608.4 KB
418	a6/fa638e	2359862	PGS_CALCULATION:CALCULATE_CHUNKS (chunk_11_0080000001_0100000000.phased.dose.vcf.gz)	COMPLETED	0	2026-09-18 21:57:38.728	53.2s	52.4s	108.8%	507.2 MB	4.6 GB	501.3 MB	451 KB
422	31/3faaa9	2364173	PGS_CALCULATION:CALCULATE_CHUNKS (chunk_16_0080000001_0100000000.phased.dose.vcf.gz)	COMPLETED	0	2026-09-18 21:58:06.350	44s	42.8s	108.0%	411.8 MB	4.6 GB	401 MB	514.4 KB
424	94/8bca87	2368037	PGS_CALCULATION:CALCULATE_CHUNKS (chunk_12_0080000001_0100000000.phased.dose.vcf.gz)	COMPLETED	0	2026-09-18 21:58:31.971	51.7s	51s	106.4%	420.8 MB	4.7 GB	480.8 MB	466.9 KB
379	90/63b0b6	2269786	IMPUTATION:MINIMAC4 (chunk_7_0140000001_0160000000.phased.vcf.gz)	COMPLETED	0	2026-09-18 21:41:19.811	18m 10s	18m 9s	124.7%	1.2 GB	1.2 GB	1 GB	776.4 MB
428	06/7bb53e	2370884	PGS_CALCULATION:CALCULATE_CHUNKS (chunk_12_0020000001_0040000000.phased.dose.vcf.gz)	COMPLETED	0	2026-09-18 21:58:50.361	52.3s	51.3s	108.0%	436.1 MB	4.6 GB	560.6 MB	512.2 KB
429	1b/f1d0fe	2375225	PGS_CALCULATION:CALCULATE_CHUNKS (chunk_5_0120000001_0140000000.phased.dose.vcf.gz)	COMPLETED	0	2026-09-18 21:59:23.722	49.5s	48.7s	109.5%	446.5 MB	4.6 GB	434.4 MB	685.3 KB
436	b2/638e92	2383262	PGS_CALCULATION:CALCULATE_CHUNKS (chunk_17_0080000001_0100000000.phased.dose.vcf.gz)	COMPLETED	0	2026-09-18 22:00:13.225	6s	5.3s	149.8%	366.2 MB	4.6 GB	59.5 MB	451.4 KB
435	6f/8b0466	2379379	PGS_CALCULATION:CALCULATE_CHUNKS (chunk_15_0040000001_0060000000.phased.dose.vcf.gz)	COMPLETED	0	2026-09-18 21:59:42.646	53.7s	51.7s	109.7%	518.8 MB	4.7 GB	511.3 MB	577.7 KB
440	84/420ead	2387350	PGS_CALCULATION:CALCULATE_CHUNKS (chunk_18_0000000001_0020000000.phased.dose.vcf.gz)	COMPLETED	0	2026-09-18 22:00:36.328	52s	51.2s	107.9%	473.5 MB	4.6 GB	594.3 MB	451.1 KB
438	ca/ea0582	2384650	PGS_CALCULATION:CALCULATE_CHUNKS (chunk_16_0000000001_0020000000.phased.dose.vcf.gz)	COMPLETED	0	2026-09-18 22:00:19.227	1m 10s	1m 9s	106.9%	470.9 MB	4.6 GB	733.8 MB	485.8 KB
388	34/fae5fc	2317415	IMPUTATION:MINIMAC4 (chunk_9_0060000001_0080000000.phased.vcf.gz)	COMPLETED	0	2026-09-18 21:52:43.662	9m 35s	9m 34s	123.8%	575.7 MB	613.9 MB	513 MB	327 MB
442	20/e9f71a	2393156	PGS_CALCULATION:CALCULATE_CHUNKS (chunk_18_0040000001_0060000000.phased.dose.vcf.gz)	COMPLETED	0	2026-09-18 22:01:28.372	52.7s	51.8s	107.7%	447.2 MB	4.6 GB	482.3 MB	707 KB
447	28/511c91	2393777	PGS_CALCULATION:CALCULATE_CHUNKS (chunk_1_0220000001_0240000000.phased.dose.vcf.gz)	COMPLETED	0	2026-09-18 22:01:28.894	55.8s	55.1s	108.6%	469.2 MB	4.6 GB	531.4 MB	508.9 KB
449	e2/cda823	2400447	PGS_CALCULATION:CALCULATE_CHUNKS (chunk_11_0060000001_0080000000.phased.dose.vcf.gz)	COMPLETED	0	2026-09-18 22:02:21.114	52.3s	51.5s	109.5%	487.3 MB	4.7 GB	502.1 MB	660.4 KB
453	43/bb5c45	2401642	PGS_CALCULATION:CALCULATE_CHUNKS (chunk_14_0080000001_0100000000.phased.dose.vcf.gz)	COMPLETED	0	2026-09-18 22:02:24.714	55.8s	55.1s	107.8%	433.4 MB	4.6 GB	527.5 MB	509.7 KB
459	37/2bb49c	2408605	PGS_CALCULATION:CALCULATE_CHUNKS (chunk_2_0080000001_0100000000.phased.dose.vcf.gz)	COMPLETED	0	2026-09-18 22:03:20.565	39.2s	38.4s	109.4%	432.7 MB	4.6 GB	467.7 MB	503.5 KB
454	da/048928	2407109	PGS_CALCULATION:CALCULATE_CHUNKS (chunk_19_0000000001_0020000000.phased.dose.vcf.gz)	COMPLETED	0	2026-09-18 22:03:13.426	1m 1s	59.9s	106.6%	418.3 MB	4.6 GB	671.5 MB	594.3 KB
460	b2/d22dc3	2412971	PGS_CALCULATION:CALCULATE_CHUNKS (chunk_19_0020000001_0040000000.phased.dose.vcf.gz)	COMPLETED	0	2026-09-18 22:03:59.768	52.9s	52.2s	108.0%	462.1 MB	4.6 GB	649.6 MB	526.8 KB
385	65/3fe92a	2306781	IMPUTATION:MINIMAC4 (chunk_2_0200000001_0220000000.phased.vcf.gz)	COMPLETED	0	2026-09-18 21:50:20.331	14m 44s	14m 43s	125.5%	1 GB	1.1 GB	876 MB	531.3 MB
391	86/8c4b20	2321304	IMPUTATION:MINIMAC4 (chunk_22_0040000001_0060000000.phased.vcf.gz)	COMPLETED	0	2026-09-18 21:53:10.600	12m 1s	12m	130.4%	822.7 MB	861.6 MB	709 MB	463.4 MB
464	67/45bc27	2415201	PGS_CALCULATION:CALCULATE_CHUNKS (chunk_19_0040000001_0060000000.phased.dose.vcf.gz)	COMPLETED	0	2026-09-18 22:04:14.142	1m 2s	1m 1s	107.2%	453.8 MB	4.7 GB	697.4 MB	769.2 KB
465	61/e44ecb	2419089	PGS_CALCULATION:CALCULATE_CHUNKS (chunk_2_0000000001_0020000000.phased.dose.vcf.gz)	COMPLETED	0	2026-09-18 22:04:52.705	58.8s	58s	107.3%	442.5 MB	4.6 GB	588 MB	521 KB
470	8e/df5d5c	2423732	PGS_CALCULATION:CALCULATE_CHUNKS (chunk_2_0120000001_0140000000.phased.dose.vcf.gz)	COMPLETED	0	2026-09-18 22:05:16.377	54.3s	53.4s	108.3%	459.1 MB	4.6 GB	588.7 MB	499 KB
471	7d/8f6dc5	2427820	PGS_CALCULATION:CALCULATE_CHUNKS (chunk_2_0100000001_0120000000.phased.dose.vcf.gz)	COMPLETED	0	2026-09-18 22:05:51.502	48.8s	48.1s	108.2%	478.9 MB	4.6 GB	482.7 MB	477.6 KB
476	53/0eeb5f	2430522	PGS_CALCULATION:CALCULATE_CHUNKS (chunk_2_0140000001_0160000000.phased.dose.vcf.gz)	COMPLETED	0	2026-09-18 22:06:10.635	47.8s	46.9s	108.3%	474.1 MB	4.6 GB	437.1 MB	501.5 KB
478	00/8ee908	2434025	PGS_CALCULATION:CALCULATE_CHUNKS (chunk_2_0040000001_0060000000.phased.dose.vcf.gz)	COMPLETED	0	2026-09-18 22:06:40.350	58.8s	58s	107.7%	487.8 MB	4.6 GB	501.9 MB	591.1 KB
483	d6/5b3797	2436604	PGS_CALCULATION:CALCULATE_CHUNKS (chunk_2_0020000001_0040000000.phased.dose.vcf.gz)	COMPLETED	0	2026-09-18 22:06:58.443	55.2s	54.4s	107.8%	443.5 MB	4.6 GB	509.8 MB	616.7 KB
485	52/32b765	2442919	PGS_CALCULATION:CALCULATE_CHUNKS (chunk_2_0240000001_0260000000.phased.dose.vcf.gz)	COMPLETED	0	2026-09-18 22:07:53.637	11.9s	11.1s	130.2%	415.3 MB	4.6 GB	105.3 MB	465.7 KB
484	77/084d79	2440829	PGS_CALCULATION:CALCULATE_CHUNKS (chunk_2_0160000001_0180000000.phased.dose.vcf.gz)	COMPLETED	0	2026-09-18 22:07:39.136	51.6s	50.7s	107.8%	424.1 MB	4.6 GB	459.4 MB	588.6 KB
387	27/80f192	2307884	IMPUTATION:MINIMAC4 (chunk_20_0040000001_0060000000.phased.vcf.gz)	COMPLETED	0	2026-09-18 21:50:25.187	18m 10s	18m 9s	130.5%	1.2 GB	1.3 GB	1 GB	628.7 MB
487	c2/172e67	2447765	PGS_CALCULATION:CALCULATE_CHUNKS (chunk_20_0060000001_0080000000.phased.dose.vcf.gz)	COMPLETED	0	2026-09-18 22:08:30.741	11.3s	10.6s	125.2%	423.6 MB	4.6 GB	103.5 MB	676.4 KB
486	34/27ae3c	2444971	PGS_CALCULATION:CALCULATE_CHUNKS (chunk_2_0180000001_0200000000.phased.dose.vcf.gz)	COMPLETED	0	2026-09-18 22:08:05.532	48.9s	48.2s	109.3%	486.1 MB	4.7 GB	463.4 MB	536.6 KB
489	48/555a37	2450657	PGS_CALCULATION:CALCULATE_CHUNKS (chunk_20_0000000001_0020000000.phased.dose.vcf.gz)	COMPLETED	0	2026-09-18 22:08:42.017	55.3s	54.5s	107.7%	440.8 MB	4.6 GB	564.5 MB	588.9 KB
490	0d/5935e9	2452849	PGS_CALCULATION:CALCULATE_CHUNKS (chunk_20_0020000001_0040000000.phased.dose.vcf.gz)	COMPLETED	0	2026-09-18 22:08:54.444	44.1s	42.9s	109.9%	524.5 MB	4.6 GB	462.1 MB	563.4 KB
493	72/7c7aa3	2457840	PGS_CALCULATION:CALCULATE_CHUNKS (chunk_22_0000000001_0020000000.phased.dose.vcf.gz)	COMPLETED	0	2026-09-18 22:09:38.537	15s	14.3s	122.6%	421.4 MB	4.8 GB	245.2 MB	447.4 KB
492	79/e465ac	2457104	PGS_CALCULATION:CALCULATE_CHUNKS (chunk_21_0000000001_0020000000.phased.dose.vcf.gz)	COMPLETED	0	2026-09-18 22:09:37.278	22.7s	22s	114.4%	458 MB	4.6 GB	280.5 MB	451.6 KB
494	42/8168e7	2460187	PGS_CALCULATION:CALCULATE_CHUNKS (chunk_2_0220000001_0240000000.phased.dose.vcf.gz)	COMPLETED	0	2026-09-18 22:09:53.542	57.8s	56s	105.8%	427.7 MB	4.6 GB	545.7 MB	603.5 KB
495	e9/19d7e7	2461623	PGS_CALCULATION:CALCULATE_CHUNKS (chunk_7_0140000001_0160000000.phased.dose.vcf.gz)	COMPLETED	0	2026-09-18 22:09:59.972	57.8s	56.9s	106.8%	396.5 MB	4.7 GB	645.8 MB	443.2 KB
496	62/32efb5	2466397	PGS_CALCULATION:CALCULATE_CHUNKS (chunk_9_0060000001_0080000000.phased.dose.vcf.gz)	COMPLETED	0	2026-09-18 22:10:51.342	31s	30.2s	112.1%	486.6 MB	4.7 GB	280.8 MB	451 KB
497	b0/dfa0eb	2467945	PGS_CALCULATION:CALCULATE_CHUNKS (chunk_2_0200000001_0220000000.phased.dose.vcf.gz)	COMPLETED	0	2026-09-18 22:10:57.730	50.5s	49.7s	108.1%	433.1 MB	4.6 GB	461.4 MB	488.4 KB
498	04/5285ff	2470806	PGS_CALCULATION:CALCULATE_CHUNKS (chunk_22_0040000001_0060000000.phased.dose.vcf.gz)	COMPLETED	0	2026-09-18 22:11:22.298	37.8s	37.1s	109.6%	434 MB	4.6 GB	384.4 MB	545.7 KB
499	88/c24975	2473768	PGS_CALCULATION:CALCULATE_CHUNKS (chunk_20_0040000001_0060000000.phased.dose.vcf.gz)	COMPLETED	0	2026-09-18 22:11:48.204	57.9s	57.1s	108.1%	480.5 MB	4.7 GB	531.8 MB	521.3 KB
392	b2/8505df	2336929	IMPUTATION:MINIMAC4 (chunk_21_0020000001_0040000000.phased.vcf.gz)	COMPLETED	0	2026-09-18 21:54:55.985	17m 59s	17m 58s	125.5%	1.2 GB	1.2 GB	1 GB	719.1 MB
500	42/0e7365	2479056	PGS_CALCULATION:CALCULATE_CHUNKS (chunk_21_0020000001_0040000000.phased.dose.vcf.gz)	COMPLETED	0	2026-09-18 22:12:55.522	1m 1s	59.9s	107.2%	488.5 MB	4.7 GB	620 MB	442.7 KB
395	3d/e96db9	2340954	IMPUTATION:MINIMAC4 (chunk_3_0000000001_0020000000.phased.vcf.gz)	COMPLETED	0	2026-09-18 21:55:27.970	18m 41s	18m 40s	128.0%	1.3 GB	1.4 GB	1.1 GB	652.4 MB
501	57/04c4dd	2485541	PGS_CALCULATION:CALCULATE_CHUNKS (chunk_3_0000000001_0020000000.phased.dose.vcf.gz)	COMPLETED	0	2026-09-18 22:14:10.028	59.4s	58.6s	107.6%	442.3 MB	4.6 GB	558.8 MB	471.4 KB
397	ad/0ccd0b	2376597	IMPUTATION:MINIMAC4 (chunk_3_0020000001_0040000000.phased.vcf.gz)	COMPLETED	0	2026-09-18 21:59:29.362	16m 12s	16m 12s	126.3%	1.1 GB	1.2 GB	961.9 MB	558.9 MB
398	f3/4b1af0	2399530	IMPUTATION:MINIMAC4 (chunk_3_0040000001_0060000000.phased.vcf.gz)	COMPLETED	0	2026-09-18 22:02:18.317	13m 51s	13m 50s	124.4%	1002.8 MB	1 GB	831.6 MB	480.2 MB
502	a8/91ae08	2492540	PGS_CALCULATION:CALCULATE_CHUNKS (chunk_3_0020000001_0040000000.phased.dose.vcf.gz)	COMPLETED	0	2026-09-18 22:15:42.801	55.9s	54.8s	108.3%	478 MB	4.6 GB	493.2 MB	525.8 KB
503	01/d92c4c	2496100	PGS_CALCULATION:CALCULATE_CHUNKS (chunk_3_0040000001_0060000000.phased.dose.vcf.gz)	COMPLETED	0	2026-09-18 22:16:10.312	47.4s	46.5s	110.2%	485.1 MB	4.6 GB	416.9 MB	559.8 KB
400	55/b2f7dd	2421020	IMPUTATION:MINIMAC4 (chunk_3_0080000001_0100000000.phased.vcf.gz)	COMPLETED	0	2026-09-18 22:05:04.305	11m 59s	11m 59s	119.9%	855.6 MB	894.3 MB	695.4 MB	447.6 MB
396	0f/505c10	2363144	IMPUTATION:MINIMAC4 (chunk_22_0020000001_0040000000.phased.vcf.gz)	COMPLETED	0	2026-09-18 21:58:03.495	19m 11s	19m 11s	125.1%	1.2 GB	1.2 GB	1.1 GB	877.5 MB
504	44/b58fa0	2502241	PGS_CALCULATION:CALCULATE_CHUNKS (chunk_3_0080000001_0100000000.phased.dose.vcf.gz)	COMPLETED	0	2026-09-18 22:17:04.593	43s	42.2s	110.1%	495.2 MB	4.6 GB	378.3 MB	513.6 KB
505	b5/eb6b08	2505025	PGS_CALCULATION:CALCULATE_CHUNKS (chunk_22_0020000001_0040000000.phased.dose.vcf.gz)	COMPLETED	0	2026-09-18 22:17:15.880	59s	58.1s	107.2%	452.5 MB	4.6 GB	726.6 MB	564 KB
402	18/264352	2422425	IMPUTATION:MINIMAC4 (chunk_3_0060000001_0080000000.phased.vcf.gz)	COMPLETED	0	2026-09-18 22:05:11.782	17m 29s	17m 29s	127.5%	1.2 GB	1.2 GB	1011.9 MB	629.2 MB
404	d6/d5a3d7	2448875	IMPUTATION:MINIMAC4 (chunk_3_0100000001_0120000000.phased.vcf.gz)	COMPLETED	0	2026-09-18 22:08:34.906	14m 53s	14m 52s	123.5%	1 GB	1.1 GB	852.5 MB	543 MB
506	e8/b3e22f	2530631	PGS_CALCULATION:CALCULATE_CHUNKS (chunk_3_0060000001_0080000000.phased.dose.vcf.gz)	COMPLETED	0	2026-09-18 22:22:42.076	55.5s	54.6s	107.9%	459.9 MB	4.6 GB	541.3 MB	492.3 KB
507	a6/afcb09	2536257	PGS_CALCULATION:CALCULATE_CHUNKS (chunk_3_0100000001_0120000000.phased.dose.vcf.gz)	COMPLETED	0	2026-09-18 22:23:28.516	50.7s	49.9s	107.5%	428.4 MB	4.6 GB	481.7 MB	524.1 KB
406	ac/6900f8	2478500	IMPUTATION:MINIMAC4 (chunk_3_0120000001_0140000000.phased.vcf.gz)	COMPLETED	0	2026-09-18 22:12:54.514	15m 18s	15m 17s	124.9%	1 GB	1.1 GB	875.8 MB	559.3 MB
508	ad/3e1e31	2553807	PGS_CALCULATION:CALCULATE_CHUNKS (chunk_3_0120000001_0140000000.phased.dose.vcf.gz)	COMPLETED	0	2026-09-18 22:28:13.252	52.9s	52s	109.3%	512.1 MB	4.7 GB	493.9 MB	581 KB
407	97/9b9aa2	2484929	IMPUTATION:MINIMAC4 (chunk_3_0140000001_0160000000.phased.vcf.gz)	COMPLETED	0	2026-09-18 22:14:09.022	15m 2s	15m 2s	125.9%	1 GB	1.1 GB	861.2 MB	525.4 MB
509	8c/13b7b8	2558771	PGS_CALCULATION:CALCULATE_CHUNKS (chunk_3_0140000001_0160000000.phased.dose.vcf.gz)	COMPLETED	0	2026-09-18 22:29:12.196	52.5s	51.7s	108.4%	478.6 MB	4.6 GB	463.8 MB	441.4 KB
410	6e/c96477	2495484	IMPUTATION:MINIMAC4 (chunk_4_0040000001_0060000000.phased.vcf.gz)	COMPLETED	0	2026-09-18 22:16:09.307	14m 4s	14m 3s	122.1%	942.5 MB	981.6 MB	798.9 MB	512.6 MB
409	1a/e3f89a	2491927	IMPUTATION:MINIMAC4 (chunk_3_0160000001_0180000000.phased.vcf.gz)	COMPLETED	0	2026-09-18 22:15:41.795	15m 3s	15m 3s	123.4%	1 GB	1.1 GB	873 MB	568.3 MB
510	7d/a74929	2564579	PGS_CALCULATION:CALCULATE_CHUNKS (chunk_4_0040000001_0060000000.phased.dose.vcf.gz)	COMPLETED	0	2026-09-18 22:30:14.034	47.6s	46.8s	109.4%	474.1 MB	4.6 GB	443.7 MB	450.9 KB
511	63/675fb8	2568733	PGS_CALCULATION:CALCULATE_CHUNKS (chunk_3_0160000001_0180000000.phased.dose.vcf.gz)	COMPLETED	0	2026-09-18 22:30:46.084	53.2s	52.5s	107.7%	505.1 MB	4.6 GB	497.2 MB	524.4 KB
414	80/4f5717	2504413	IMPUTATION:MINIMAC4 (chunk_4_0020000001_0040000000.phased.vcf.gz)	COMPLETED	0	2026-09-18 22:17:14.875	17m 6s	17m 6s	124.9%	1.1 GB	1.2 GB	978 MB	646.6 MB
512	5a/a62934	2584340	PGS_CALCULATION:CALCULATE_CHUNKS (chunk_4_0020000001_0040000000.phased.dose.vcf.gz)	COMPLETED	0	2026-09-18 22:34:22.357	57.9s	57.1s	107.4%	490.3 MB	4.6 GB	566.9 MB	469.4 KB
415	52/d7ac4b	2530075	IMPUTATION:MINIMAC4 (chunk_4_0100000001_0120000000.phased.vcf.gz)	COMPLETED	0	2026-09-18 22:22:41.070	14m 32s	14m 31s	122.9%	1015 MB	1 GB	836.6 MB	543 MB
513	e2/6934f9	2597211	PGS_CALCULATION:CALCULATE_CHUNKS (chunk_4_0100000001_0120000000.phased.dose.vcf.gz)	COMPLETED	0	2026-09-18 22:37:14.069	50.2s	49.4s	109.0%	468.6 MB	4.7 GB	482.8 MB	601.1 KB
417	82/fc5d9c	2535586	IMPUTATION:MINIMAC4 (chunk_4_0080000001_0100000000.phased.vcf.gz)	COMPLETED	0	2026-09-18 22:23:27.509	14m 47s	14m 46s	123.7%	1 GB	1 GB	844 MB	549.1 MB
412	5d/bb3977	2501653	IMPUTATION:MINIMAC4 (chunk_4_0000000001_0020000000.phased.vcf.gz)	COMPLETED	0	2026-09-18 22:17:03.587	21m 55s	21m 54s	124.7%	1.4 GB	1.4 GB	1.2 GB	948.9 MB
514	91/c43cec	2603688	PGS_CALCULATION:CALCULATE_CHUNKS (chunk_4_0080000001_0100000000.phased.dose.vcf.gz)	COMPLETED	0	2026-09-18 22:38:15.282	51.6s	50.8s	109.0%	505.6 MB	4.6 GB	484.5 MB	529.2 KB
515	9a/d6f986	2608715	PGS_CALCULATION:CALCULATE_CHUNKS (chunk_4_0000000001_0020000000.phased.dose.vcf.gz)	COMPLETED	0	2026-09-18 22:38:59.149	1m 9s	1m 8s	107.2%	481 MB	4.6 GB	796.1 MB	472.8 KB
423	b8/dec3dc	2568119	IMPUTATION:MINIMAC4 (chunk_4_0180000001_0200000000.phased.vcf.gz)	COMPLETED	0	2026-09-18 22:30:45.078	11m 59s	11m 58s	129.4%	786.2 MB	824.1 MB	679.9 MB	481.2 MB
516	4b/148de1	2624726	PGS_CALCULATION:CALCULATE_CHUNKS (chunk_4_0180000001_0200000000.phased.dose.vcf.gz)	COMPLETED	0	2026-09-18 22:42:44.790	36.8s	35.7s	112.3%	480.9 MB	4.6 GB	404.3 MB	504.9 KB
420	d7/de23fb	2558158	IMPUTATION:MINIMAC4 (chunk_4_0140000001_0160000000.phased.vcf.gz)	COMPLETED	0	2026-09-18 22:29:11.189	14m 46s	14m 45s	123.3%	1019.4 MB	1 GB	858.7 MB	575.7 MB
517	7a/264234	2631270	PGS_CALCULATION:CALCULATE_CHUNKS (chunk_4_0140000001_0160000000.phased.dose.vcf.gz)	COMPLETED	0	2026-09-18 22:43:57.840	53.1s	51.2s	108.6%	482.5 MB	4.6 GB	502.1 MB	481.8 KB
419	3a/592a01	2553189	IMPUTATION:MINIMAC4 (chunk_4_0060000001_0080000000.phased.vcf.gz)	COMPLETED	0	2026-09-18 22:28:12.242	17m 12s	17m 11s	120.6%	1.1 GB	1.1 GB	939.2 MB	732.6 MB
421	30/e81907	2564018	IMPUTATION:MINIMAC4 (chunk_4_0120000001_0140000000.phased.vcf.gz)	COMPLETED	0	2026-09-18 22:30:13.026	15m 19s	15m 18s	123.6%	1 GB	1.1 GB	859.2 MB	567.6 MB
433	cd/31977e	2638471	IMPUTATION:MINIMAC4 (chunk_5_0180000001_0200000000.phased.vcf.gz)	COMPLETED	0	2026-09-18 22:45:23.936	50s	49.4s	129.2%	90.1 MB	112.2 MB	70.8 MB	36.1 MB
518	cc/5271c7	2639083	PGS_CALCULATION:CALCULATE_CHUNKS (chunk_4_0060000001_0080000000.phased.dose.vcf.gz)	COMPLETED	0	2026-09-18 22:45:24.944	58.5s	57.7s	107.7%	462.5 MB	4.6 GB	633.2 MB	554.5 KB
519	c4/019bc7	2641388	PGS_CALCULATION:CALCULATE_CHUNKS (chunk_4_0120000001_0140000000.phased.dose.vcf.gz)	COMPLETED	0	2026-09-18 22:45:33.371	52.6s	51.8s	108.5%	442.5 MB	4.6 GB	505.3 MB	445.8 KB
520	1e/dd2471	2648832	PGS_CALCULATION:CALCULATE_CHUNKS (chunk_5_0180000001_0200000000.phased.dose.vcf.gz)	COMPLETED	0	2026-09-18 22:46:23.468	4.3s	3.4s	187.4%	341.6 MB	4.6 GB	36.8 MB	346.5 KB
425	a4/793161	2583730	IMPUTATION:MINIMAC4 (chunk_5_0020000001_0040000000.phased.vcf.gz)	COMPLETED	0	2026-09-18 22:34:21.349	16m 27s	16m 26s	124.1%	1.1 GB	1.1 GB	929.6 MB	637.9 MB
521	19/8c0b36	2665922	PGS_CALCULATION:CALCULATE_CHUNKS (chunk_5_0020000001_0040000000.phased.dose.vcf.gz)	COMPLETED	0	2026-09-18 22:50:49.459	54.1s	53.3s	107.6%	442 MB	4.6 GB	555.1 MB	507.9 KB
430	dc/b96b29	2608154	IMPUTATION:MINIMAC4 (chunk_5_0060000001_0080000000.phased.vcf.gz)	COMPLETED	0	2026-09-18 22:38:58.142	13m 37s	13m 37s	126.1%	963.7 MB	1001.4 MB	797.7 MB	475.2 MB
522	56/efec66	2674594	PGS_CALCULATION:CALCULATE_CHUNKS (chunk_5_0060000001_0080000000.phased.dose.vcf.gz)	COMPLETED	0	2026-09-18 22:52:36.393	46.3s	45.6s	109.3%	460.2 MB	4.7 GB	424.2 MB	500 KB
427	19/637762	2602968	IMPUTATION:MINIMAC4 (chunk_4_0160000001_0180000000.phased.vcf.gz)	COMPLETED	0	2026-09-18 22:38:14.275	16m 51s	16m 50s	124.1%	1.1 GB	1.2 GB	958.3 MB	651.7 MB
426	4a/d0adf4	2596595	IMPUTATION:MINIMAC4 (chunk_5_0000000001_0020000000.phased.vcf.gz)	COMPLETED	0	2026-09-18 22:37:13.062	18m 42s	18m 41s	126.7%	1.2 GB	1.3 GB	1 GB	715.2 MB
523	ea/4d46a7	2685033	PGS_CALCULATION:CALCULATE_CHUNKS (chunk_4_0160000001_0180000000.phased.dose.vcf.gz)	COMPLETED	0	2026-09-18 22:55:06.328	56.5s	55.7s	107.7%	470.5 MB	4.7 GB	565 MB	372.5 KB
431	b4/1eb6f3	2624168	IMPUTATION:MINIMAC4 (chunk_5_0040000001_0060000000.phased.vcf.gz)	COMPLETED	0	2026-09-18 22:42:43.782	13m 34s	13m 33s	122.3%	913.7 MB	951.5 MB	764.5 MB	535 MB
524	f8/c39f49	2689830	PGS_CALCULATION:CALCULATE_CHUNKS (chunk_5_0000000001_0020000000.phased.dose.vcf.gz)	COMPLETED	0	2026-09-18 22:55:55.625	1m 1s	59.6s	107.6%	460 MB	4.6 GB	615.5 MB	641.1 KB
525	a4/6ccff0	2693332	PGS_CALCULATION:CALCULATE_CHUNKS (chunk_5_0040000001_0060000000.phased.dose.vcf.gz)	COMPLETED	0	2026-09-18 22:56:18.395	47.2s	46.4s	108.0%	461.4 MB	4.6 GB	462.2 MB	546.4 KB
432	ec/ed4260	2630657	IMPUTATION:MINIMAC4 (chunk_5_0080000001_0100000000.phased.vcf.gz)	COMPLETED	0	2026-09-18 22:43:56.833	13m 23s	13m 22s	124.5%	956.1 MB	993 MB	777.4 MB	459.8 MB
526	4c/a07d9d	2700006	PGS_CALCULATION:CALCULATE_CHUNKS (chunk_5_0080000001_0100000000.phased.dose.vcf.gz)	COMPLETED	0	2026-09-18 22:57:20.493	47s	46.2s	109.7%	480.9 MB	4.6 GB	405.9 MB	450.2 KB
437	16/112a6a	2646881	IMPUTATION:MINIMAC4 (chunk_5_0140000001_0160000000.phased.vcf.gz)	COMPLETED	0	2026-09-18 22:46:13.989	15m 9s	15m 8s	126.4%	1.1 GB	1.1 GB	872.8 MB	518.5 MB
434	61/b97976	2640722	IMPUTATION:MINIMAC4 (chunk_5_0100000001_0120000000.phased.vcf.gz)	COMPLETED	0	2026-09-18 22:45:32.364	16m 11s	16m 11s	124.8%	1.1 GB	1.2 GB	953.9 MB	566 MB
527	5e/4cdf76	2718563	PGS_CALCULATION:CALCULATE_CHUNKS (chunk_5_0140000001_0160000000.phased.dose.vcf.gz)	COMPLETED	0	2026-09-18 23:01:23.883	51.9s	50.7s	109.0%	498 MB	4.6 GB	464.7 MB	509.3 KB
528	03/b23061	2722115	PGS_CALCULATION:CALCULATE_CHUNKS (chunk_5_0100000001_0120000000.phased.dose.vcf.gz)	COMPLETED	0	2026-09-18 23:01:44.594	55s	54.2s	107.3%	460.6 MB	4.6 GB	502 MB	520.9 KB
439	93/f2c69b	2665363	IMPUTATION:MINIMAC4 (chunk_5_0160000001_0180000000.phased.vcf.gz)	COMPLETED	0	2026-09-18 22:50:48.452	17m 11s	17m 10s	128.8%	1.2 GB	1.2 GB	1017.8 MB	601.4 MB
441	74/dde907	2673982	IMPUTATION:MINIMAC4 (chunk_6_0040000001_0060000000.phased.vcf.gz)	COMPLETED	0	2026-09-18 22:52:35.386	15m 36s	15m 36s	123.1%	1 GB	1 GB	864.7 MB	635.3 MB
529	c0/72959e	2745806	PGS_CALCULATION:CALCULATE_CHUNKS (chunk_5_0160000001_0180000000.phased.dose.vcf.gz)	COMPLETED	0	2026-09-18 23:08:00.376	54.8s	53.6s	107.1%	536.2 MB	4.6 GB	514.7 MB	560.5 KB
530	e9/448ec0	2748344	PGS_CALCULATION:CALCULATE_CHUNKS (chunk_6_0040000001_0060000000.phased.dose.vcf.gz)	COMPLETED	0	2026-09-18 23:08:12.581	52.7s	52s	106.5%	448.1 MB	4.6 GB	547.9 MB	589.4 KB
444	28/1baa5e	2689275	IMPUTATION:MINIMAC4 (chunk_6_0060000001_0080000000.phased.vcf.gz)	COMPLETED	0	2026-09-18 22:55:54.618	14m 36s	14m 36s	119.8%	985.9 MB	1 GB	807.9 MB	584.1 MB
531	fa/00daa2	2758575	PGS_CALCULATION:CALCULATE_CHUNKS (chunk_6_0060000001_0080000000.phased.dose.vcf.gz)	COMPLETED	0	2026-09-18 23:10:32.093	51.7s	50.8s	108.2%	423.8 MB	4.6 GB	522.6 MB	447.8 KB
446	b8/04a306	2699448	IMPUTATION:MINIMAC4 (chunk_6_0100000001_0120000000.phased.vcf.gz)	COMPLETED	0	2026-09-18 22:57:19.486	14m 40s	14m 39s	124.4%	1019.5 MB	1 GB	844.9 MB	532.7 MB
532	bd/fc2019	2765322	PGS_CALCULATION:CALCULATE_CHUNKS (chunk_6_0100000001_0120000000.phased.dose.vcf.gz)	COMPLETED	0	2026-09-18 23:12:00.613	50.9s	50.2s	108.4%	427.5 MB	4.7 GB	474 MB	576.3 KB
443	ee/cbf74d	2684424	IMPUTATION:MINIMAC4 (chunk_6_0000000001_0020000000.phased.vcf.gz)	COMPLETED	0	2026-09-18 22:55:05.321	18m 12s	18m 11s	128.0%	1.2 GB	1.3 GB	1 GB	677.7 MB
533	ad/013aef	2771764	PGS_CALCULATION:CALCULATE_CHUNKS (chunk_6_0000000001_0020000000.phased.dose.vcf.gz)	COMPLETED	0	2026-09-18 23:13:17.992	57.8s	57s	107.1%	497 MB	4.6 GB	584.5 MB	542.3 KB
448	a6/207d8e	2717949	IMPUTATION:MINIMAC4 (chunk_6_0080000001_0100000000.phased.vcf.gz)	COMPLETED	0	2026-09-18 23:01:22.876	14m 39s	14m 38s	122.2%	1 GB	1.1 GB	851.3 MB	539.6 MB
450	26/89b62a	2721448	IMPUTATION:MINIMAC4 (chunk_6_0120000001_0140000000.phased.vcf.gz)	COMPLETED	0	2026-09-18 23:01:43.588	15m 7s	15m 7s	125.5%	1 GB	1.1 GB	871.7 MB	545.1 MB
534	75/19ffe4	2784168	PGS_CALCULATION:CALCULATE_CHUNKS (chunk_6_0080000001_0100000000.phased.dose.vcf.gz)	COMPLETED	0	2026-09-18 23:16:02.616	50.8s	50s	108.2%	447.6 MB	4.6 GB	480.6 MB	447.5 KB
535	66/f65b75	2790048	PGS_CALCULATION:CALCULATE_CHUNKS (chunk_6_0120000001_0140000000.phased.dose.vcf.gz)	COMPLETED	0	2026-09-18 23:16:51.894	51s	50.2s	110.1%	503.6 MB	4.6 GB	479.6 MB	532.4 KB
445	51/4e7bf2	2692720	IMPUTATION:MINIMAC4 (chunk_6_0020000001_0040000000.phased.vcf.gz)	COMPLETED	0	2026-09-18 22:56:17.388	21m 41s	21m 40s	123.1%	1.3 GB	1.3 GB	1.1 GB	997.9 MB
536	8c/fb2e28	2797386	PGS_CALCULATION:CALCULATE_CHUNKS (chunk_6_0020000001_0040000000.phased.dose.vcf.gz)	COMPLETED	0	2026-09-18 23:17:59.515	1m 11s	1m 10s	106.6%	450.4 MB	4.6 GB	889.5 MB	793.2 KB
452	7b/739064	2747730	IMPUTATION:MINIMAC4 (chunk_7_0040000001_0060000000.phased.vcf.gz)	COMPLETED	0	2026-09-18 23:08:11.574	15m 9s	15m 8s	121.9%	1016 MB	1 GB	847.4 MB	612.9 MB
451	57/7c3fe2	2745248	IMPUTATION:MINIMAC4 (chunk_6_0140000001_0160000000.phased.vcf.gz)	COMPLETED	0	2026-09-18 23:07:59.370	15m 48s	15m 47s	126.7%	1.1 GB	1.1 GB	932 MB	546.8 MB
537	c5/5aa4a4	2818907	PGS_CALCULATION:CALCULATE_CHUNKS (chunk_7_0040000001_0060000000.phased.dose.vcf.gz)	COMPLETED	0	2026-09-18 23:23:21.229	53.2s	52.1s	108.4%	454.1 MB	4.6 GB	538.1 MB	547.9 KB
538	71/902511	2822563	PGS_CALCULATION:CALCULATE_CHUNKS (chunk_6_0140000001_0160000000.phased.dose.vcf.gz)	COMPLETED	0	2026-09-18 23:23:48.160	53.3s	51.8s	107.5%	411.6 MB	4.6 GB	483 MB	501.9 KB
455	44/57d298	2758003	IMPUTATION:MINIMAC4 (chunk_7_0060000001_0080000000.phased.vcf.gz)	COMPLETED	0	2026-09-18 23:10:31.086	16m 13s	16m 12s	118.8%	961.6 MB	1000.8 MB	908 MB	774.8 MB
539	93/be9837	2835003	PGS_CALCULATION:CALCULATE_CHUNKS (chunk_7_0060000001_0080000000.phased.dose.vcf.gz)	COMPLETED	0	2026-09-18 23:26:44.940	51.1s	50.3s	108.2%	452.2 MB	4.6 GB	639.3 MB	444.6 KB
457	57/fe548a	2771205	IMPUTATION:MINIMAC4 (chunk_7_0020000001_0040000000.phased.vcf.gz)	COMPLETED	0	2026-09-18 23:13:16.983	16m 33s	16m 32s	128.1%	1.1 GB	1.2 GB	973 MB	562 MB
458	d9/86a356	2783594	IMPUTATION:MINIMAC4 (chunk_7_0100000001_0120000000.phased.vcf.gz)	COMPLETED	0	2026-09-18 23:16:01.608	14m 12s	14m 11s	123.4%	998.2 MB	1 GB	844.6 MB	538 MB
540	2c/a7632c	2845742	PGS_CALCULATION:CALCULATE_CHUNKS (chunk_7_0020000001_0040000000.phased.dose.vcf.gz)	COMPLETED	0	2026-09-18 23:29:51.307	54s	53s	108.4%	487.4 MB	4.6 GB	498 MB	632.4 KB
541	d4/66677b	2849085	PGS_CALCULATION:CALCULATE_CHUNKS (chunk_7_0100000001_0120000000.phased.dose.vcf.gz)	COMPLETED	0	2026-09-18 23:30:14.385	48.5s	47.7s	108.2%	441.4 MB	4.7 GB	466.7 MB	496.5 KB
461	33/b22c68	2789378	IMPUTATION:MINIMAC4 (chunk_7_0120000001_0140000000.phased.vcf.gz)	COMPLETED	0	2026-09-18 23:16:50.887	15m 16s	15m 15s	125.6%	1 GB	1.1 GB	878.8 MB	568.4 MB
462	4f/d97e7d	2796774	IMPUTATION:MINIMAC4 (chunk_7_0080000001_0100000000.phased.vcf.gz)	COMPLETED	0	2026-09-18 23:17:58.508	14m 26s	14m 25s	124.4%	1010 MB	1 GB	838.8 MB	528 MB
542	2b/ea9694	2858834	PGS_CALCULATION:CALCULATE_CHUNKS (chunk_7_0120000001_0140000000.phased.dose.vcf.gz)	COMPLETED	0	2026-09-18 23:32:07.817	51.5s	50.6s	108.3%	449.5 MB	4.6 GB	493.3 MB	534.4 KB
543	51/9acba5	2862050	PGS_CALCULATION:CALCULATE_CHUNKS (chunk_7_0080000001_0100000000.phased.dose.vcf.gz)	COMPLETED	0	2026-09-18 23:32:25.471	49.6s	48.9s	108.9%	474.8 MB	4.6 GB	465.6 MB	543.4 KB
456	73/5bd2b3	2764706	IMPUTATION:MINIMAC4 (chunk_7_0000000001_0020000000.phased.vcf.gz)	COMPLETED	0	2026-09-18 23:11:59.601	21m 49s	21m 49s	126.7%	1.5 GB	1.5 GB	1.3 GB	834.9 MB
463	6e/c87af5	2818347	IMPUTATION:MINIMAC4 (chunk_6_0160000001_0180000000.phased.vcf.gz)	COMPLETED	0	2026-09-18 23:23:20.219	10m 30s	10m 29s	127.6%	742.2 MB	781.7 MB	621.6 MB	401.1 MB
545	67/5f492f	2871773	PGS_CALCULATION:CALCULATE_CHUNKS (chunk_6_0160000001_0180000000.phased.dose.vcf.gz)	COMPLETED	0	2026-09-18 23:33:50.736	36.1s	34.7s	111.5%	484.1 MB	4.7 GB	352.5 MB	593.1 KB
544	7d/94a038	2870828	PGS_CALCULATION:CALCULATE_CHUNKS (chunk_7_0000000001_0020000000.phased.dose.vcf.gz)	COMPLETED	0	2026-09-18 23:33:49.731	1m 9s	1m 8s	105.9%	483.4 MB	4.6 GB	705.2 MB	448.6 KB
473	04/c4c843	2861491	IMPUTATION:MINIMAC4 (chunk_9_0040000001_0060000000.phased.vcf.gz)	COMPLETED	0	2026-09-18 23:32:24.465	2m 45s	2m 45s	109.9%	107.4 MB	132.4 MB	126.1 MB	155.9 MB
546	e6/f0202b	2881924	PGS_CALCULATION:CALCULATE_CHUNKS (chunk_9_0040000001_0060000000.phased.dose.vcf.gz)	COMPLETED	0	2026-09-18 23:35:10.826	8s	7.1s	131.9%	300.5 MB	4.6 GB	118.5 MB	294.5 KB
469	80/7c0fae	2848528	IMPUTATION:MINIMAC4 (chunk_8_0140000001_0160000000.phased.vcf.gz)	COMPLETED	0	2026-09-18 23:30:13.378	5m 53s	5m 52s	126.5%	427.1 MB	466.2 MB	369.5 MB	230 MB
547	1e/bd1fc0	2888261	PGS_CALCULATION:CALCULATE_CHUNKS (chunk_8_0140000001_0160000000.phased.dose.vcf.gz)	COMPLETED	0	2026-09-18 23:36:07.390	20.1s	19.3s	115.4%	402.7 MB	4.6 GB	195.8 MB	501.8 KB
467	9e/a8a878	2834446	IMPUTATION:MINIMAC4 (chunk_8_0020000001_0040000000.phased.vcf.gz)	COMPLETED	0	2026-09-18 23:26:43.933	15m 47s	15m 46s	126.4%	1.1 GB	1.1 GB	937.7 MB	552.6 MB
548	8f/256e47	2914617	PGS_CALCULATION:CALCULATE_CHUNKS (chunk_8_0020000001_0040000000.phased.dose.vcf.gz)	COMPLETED	0	2026-09-18 23:42:31.788	1m 1s	59.7s	107.4%	500.4 MB	4.6 GB	481.1 MB	589.1 KB
480	d3/8c8c54	2913838	IMPUTATION:MINIMAC4 (chunk_9_0140000001_0160000000.phased.vcf.gz)	COMPLETED	0	2026-09-18 23:42:30.781	1m 3s	1m 3s	123.0%	107.7 MB	130.2 MB	90.1 MB	48.2 MB
549	07/cd5634	2920641	PGS_CALCULATION:CALCULATE_CHUNKS (chunk_9_0140000001_0160000000.phased.dose.vcf.gz)	COMPLETED	0	2026-09-18 23:43:35.095	4.9s	4.1s	152.8%	331.2 MB	4.6 GB	43.3 MB	337.1 KB
468	49/e44816	2845129	IMPUTATION:MINIMAC4 (chunk_8_0060000001_0080000000.phased.vcf.gz)	COMPLETED	0	2026-09-18 23:29:50.300	14m 5s	14m 4s	124.0%	1 GB	1 GB	830.6 MB	485.7 MB
550	a7/24e824	2923331	PGS_CALCULATION:CALCULATE_CHUNKS (chunk_8_0060000001_0080000000.phased.dose.vcf.gz)	COMPLETED	0	2026-09-18 23:43:56.237	50.6s	49.9s	108.1%	493.7 MB	4.6 GB	427.8 MB	498.5 KB
475	49/49fe03	2870823	IMPUTATION:MINIMAC4 (chunk_8_0040000001_0060000000.phased.vcf.gz)	COMPLETED	0	2026-09-18 23:33:49.726	13m 34s	13m 33s	120.2%	927.9 MB	966.7 MB	788.4 MB	556 MB
474	09/4f299c	2870132	IMPUTATION:MINIMAC4 (chunk_8_0080000001_0100000000.phased.vcf.gz)	COMPLETED	0	2026-09-18 23:33:49.089	14m 4s	14m 4s	124.6%	998.9 MB	1 GB	811.6 MB	492.7 MB
551	8d/da18d1	2934055	PGS_CALCULATION:CALCULATE_CHUNKS (chunk_8_0040000001_0060000000.phased.dose.vcf.gz)	COMPLETED	0	2026-09-18 23:47:24.768	47.3s	46.5s	109.1%	448.1 MB	4.6 GB	469.4 MB	519.2 KB
552	e4/33abb3	2936917	PGS_CALCULATION:CALCULATE_CHUNKS (chunk_8_0080000001_0100000000.phased.dose.vcf.gz)	COMPLETED	0	2026-09-18 23:47:53.524	48.9s	48.1s	108.3%	437.1 MB	4.6 GB	428.7 MB	446.5 KB
472	90/bbbc9c	2858165	IMPUTATION:MINIMAC4 (chunk_8_0120000001_0140000000.phased.vcf.gz)	COMPLETED	0	2026-09-18 23:32:06.810	17m 12s	17m 11s	127.6%	1.2 GB	1.2 GB	980.5 MB	611.1 MB
479	a2/766787	2887544	IMPUTATION:MINIMAC4 (chunk_8_0100000001_0120000000.phased.vcf.gz)	COMPLETED	0	2026-09-18 23:36:06.384	13m 55s	13m 55s	123.7%	985.8 MB	1 GB	816.3 MB	504.4 MB
553	a9/efa1eb	2944100	PGS_CALCULATION:CALCULATE_CHUNKS (chunk_8_0120000001_0140000000.phased.dose.vcf.gz)	COMPLETED	0	2026-09-18 23:49:18.862	56.5s	55.6s	108.5%	476.5 MB	4.6 GB	540.2 MB	668.6 KB
554	d4/667367	2947788	PGS_CALCULATION:CALCULATE_CHUNKS (chunk_8_0100000001_0120000000.phased.dose.vcf.gz)	COMPLETED	0	2026-09-18 23:50:01.641	48.7s	47.9s	109.8%	474.5 MB	4.6 GB	445.4 MB	535.3 KB
466	48/3f85c2	2821897	IMPUTATION:MINIMAC4 (chunk_8_0000000001_0020000000.phased.vcf.gz)	COMPLETED	0	2026-09-18 23:23:47.152	27m 57s	27m 56s	127.5%	1.8 GB	1.9 GB	1.6 GB	1.1 GB
555	1e/b20061	2954478	PGS_CALCULATION:CALCULATE_CHUNKS (chunk_8_0000000001_0020000000.phased.dose.vcf.gz)	COMPLETED	0	2026-09-18 23:51:43.738	1m 32s	1m 31s	106.4%	525.9 MB	4.6 GB	912.1 MB	518.8 KB
477	c3/190660	2881286	IMPUTATION:MINIMAC4 (chunk_9_0000000001_0020000000.phased.vcf.gz)	COMPLETED	0	2026-09-18 23:35:09.820	22m 36s	22m 35s	128.9%	1.5 GB	1.6 GB	1.3 GB	803.3 MB
556	65/56b748	2967458	PGS_CALCULATION:CALCULATE_CHUNKS (chunk_9_0000000001_0020000000.phased.dose.vcf.gz)	COMPLETED	0	2026-09-18 23:57:45.610	1m 16s	1m 15s	106.8%	509.4 MB	4.6 GB	689.2 MB	524.7 KB
481	64/93e785	2920027	IMPUTATION:MINIMAC4 (chunk_9_0020000001_0040000000.phased.vcf.gz)	COMPLETED	0	2026-09-18 23:43:34.088	16m 23s	16m 23s	125.4%	1.1 GB	1.2 GB	958.1 MB	607.5 MB
482	b8/dda592	2922758	IMPUTATION:MINIMAC4 (chunk_9_0120000001_0140000000.phased.vcf.gz)	COMPLETED	0	2026-09-18 23:43:55.230	17m 9s	17m 8s	127.9%	1.2 GB	1.2 GB	1 GB	617.8 MB
557	74/62a7a6	2970594	PGS_CALCULATION:CALCULATE_CHUNKS (chunk_9_0020000001_0040000000.phased.dose.vcf.gz)	COMPLETED	0	2026-09-18 23:59:57.395	1m 11s	1m 9s	107.0%	472.4 MB	4.7 GB	527.9 MB	589.3 KB
558	b7/268dde	2972763	PGS_CALCULATION:CALCULATE_CHUNKS (chunk_9_0120000001_0140000000.phased.dose.vcf.gz)	COMPLETED	0	2026-09-19 00:01:03.869	1m 4s	1m 3s	107.4%	436.3 MB	4.6 GB	515.6 MB	618.6 KB
488	60/1d6182	2933496	IMPUTATION:MINIMAC4 (chunk_9_0080000001_0100000000.phased.vcf.gz)	COMPLETED	0	2026-09-18 23:47:23.761	15m 27s	15m 26s	126.0%	1.1 GB	1.1 GB	919.8 MB	543.6 MB
559	67/70cee9	2975181	PGS_CALCULATION:CALCULATE_CHUNKS (chunk_9_0080000001_0100000000.phased.dose.vcf.gz)	COMPLETED	0	2026-09-19 00:02:50.571	56.8s	56s	107.8%	519.1 MB	4.6 GB	480.7 MB	445.2 KB
491	97/c76ee0	2936900	IMPUTATION:MINIMAC4 (chunk_9_0100000001_0120000000.phased.vcf.gz)	COMPLETED	0	2026-09-18 23:47:53.507	16m 19s	16m 18s	127.3%	1.1 GB	1.1 GB	936.7 MB	568 MB
560	40/a91860	2977176	PGS_CALCULATION:CALCULATE_CHUNKS (chunk_9_0100000001_0120000000.phased.dose.vcf.gz)	COMPLETED	0	2026-09-19 00:04:12.125	59s	58.1s	107.6%	446.1 MB	4.6 GB	509 MB	531.2 KB
562	e7/7816b7	2978967	PGS_CALCULATION:MERGE_CHUNKS_INFOS	COMPLETED	0	2026-09-19 00:05:11.141	1.5s	488ms	272.7%	32.7 MB	5.4 GB	5 MB	4.4 KB
561	ca/4341d7	2978976	PGS_CALCULATION:MERGE_CHUNKS_SCORES	COMPLETED	0	2026-09-19 00:05:11.160	2.8s	1.8s	200.7%	147.3 MB	7.1 GB	43.3 MB	434.3 KB
563	47/635bde	2980539	PGS_CALCULATION:CREATE_HTML_REPORT	COMPLETED	0	2026-09-19 00:05:14.070	2.7s	2.1s	388.7%	125.8 MB	5.8 GB	23.4 MB	1.3 MB
